Source;Lyrics File;Song ID;Song Title;File Path;IsMatch;Artist;Album;Score;Status;Has Variants;Variant Rank
crh_lt;Dilyara Tukyanji - Ayşem;o0xqUhVE9HsfHYMBChg8AC;Dilyara Tukyanji - Ay&#351;scripts/lyrics_crh_lt/Dilyara Tukyanji - Ayşem.txt;Y;em;Dilyara Tukyanji;Dilyara Tukyanji;1.01;HIGH;NO
crh_lt;Dilyara Tukyanji - Men Bu Gece Bir Tüş Kördim;mP6TIpC5TW1NFsqg5Vzi2p;Dilyara Tukyanji - Men bu gece bir t&#252;scripts/lyrics_crh_lt/Dilyara Tukyanji - Men Bu Gece Bir Tüş Kördim.txt;Y;;;;HIGH;NO;0.97
sattarov;Яйля бою;60WnR49z7BOtFXCnpSHOty;Sato-Yaylâ boyu;scripts/lyrics_sattarov/Яйля бою.txt;Y;Diger;Diger;0.8;HIGH;NO;
sattarov;Юксек  минарет;hzXAkGxOaEm83XTVXTOPr9;Anara-Yüksek minare;scripts/lyrics_sattarov/Юксек  минарет.txt;Y;Anara;Anara;0.81;HIGH;NO;
crh_lt;Marlen Settarov - İnci Danesi;yelO6i3D8CjZR7YMcG0oVo;Marlen Settarov-İnci danesi;scripts/lyrics_crh_lt/Marlen Settarov - İnci Danesi.txt;Y;Marlen Settarov;Marlen Settarov;1.08;HIGH;NO;
crh_lt;Asiye Saale - Kemançemniñ telleri;S0GWwmrqPkyRpBRt1oMT7r;Asiye Saale-Kemançemniñ telleri;scripts/lyrics_crh_lt/Asiye Saale - Kemançemniñ telleri.txt;Y;Asiye Saale;Asiye Saale;1.02;HIGH;NO;
crh_lt;Asan Hayretdinov - Vatanım;Od5yL8vzGcEvy2iFxbCKHA;Asan Hayretdinov-Vatanım;scripts/lyrics_crh_lt/Asan Hayretdinov - Vatanım.txt;Y;Asan Hayretdinov;Asan Hayretdinov;1.08;HIGH;NO;
crh_lt;Afize Yusuf-Qızı - Seni kördükçe;ktonU23PtrjcxnIRDdvsch;Afize Yusuf-qızı-Seni kördükçe;scripts/lyrics_crh_lt/Afize Yusuf-Qızı - Seni kördükçe.txt;Y;Afize Yusuf-qızı;Afize Yusuf-qızı;0.98;HIGH;NO;
crh_lt;Afize Kassara - Elmalım;lFZUScB50xCl1hfERr8OfV;Afize Kassara-Elmalım;scripts/lyrics_crh_lt/Afize Kassara - Elmalım.txt;Y;Afize Kassara;Afize Kassara;1.08;HIGH;YES;1/2
crh_lt;Aliye Civan - Sensiz;wGWhv6PjpXHeMpHlsNgnoD;Aliye Civan-Sensiz;scripts/lyrics_crh_lt/Aliye Civan - Sensiz.txt;Y;Aliye Civan;Aliye Civan;1.07;HIGH;NO;
crh_lt;Afize Kassara - Mecbur oldım;kBv3zxrc62l4oKoM40drCM;Afize Kassara-Mecbur oldım;scripts/lyrics_crh_lt/Afize Kassara - Mecbur oldım.txt;Y;Afize Kassara;Afize Kassara;1.08;HIGH;NO;
crh_lt;Arsen Bekirov - Nazlı yarem;fYbz33zVxk0FHYt3vhcWhD;Arsen Bekirov-Nazlı yarem;scripts/lyrics_crh_lt/Arsen Bekirov - Nazlı yarem.txt;Y;Arsen Bekirov;Arsen Bekirov;1.08;HIGH;NO;
crh_lt;Jamala - 1944;eD801KLuPrYljeLTJ19EHd;Jamala - 1944;scripts/lyrics_crh_lt/Jamala - 1944.txt;Y;Jamala;Jamala;1.1;HIGH;NO;
crh_lt;Emiliya Ablayeva - Bir top gül;DXL6TgUOSq2dFaM1bepAJk;Emiliya Ablayeva-Bir top gül;scripts/lyrics_crh_lt/Emiliya Ablayeva - Bir top gül.txt;Y;Emiliya Ablayeva;Emiliya Ablayeva;1.05;HIGH;NO;
crh_lt;Afize Kassara - Qaranfil;svYRNeLpx86isICzBefRD3;Afize Kassara-Qaranfil;scripts/lyrics_crh_lt/Afize Kassara - Qaranfil.txt;Y;Afize Kassara;Afize Kassara;1.08;HIGH;NO;
crh_lt;Elnara Küçük - Ayatım;byaULHd7X8PSZ4LGy8G46W;Elnara Küçük-Ayatım;scripts/lyrics_crh_lt/Elnara Küçük - Ayatım.txt;Y;Elnara Küçük;Elnara Küçük;0.81;HIGH;YES;1/2
crh_lt;Emine Cevdetova - Sevgi Севги;LXIPtvny3dKvk7ImDWblww;Emine Cevdetova-Sevgi;scripts/lyrics_crh_lt/Emine Cevdetova - Sevgi Севги.txt;Y;Emine Cevdetova;Emine Cevdetova;0.95;HIGH;NO;
crh_lt;Aliye Yakubova - Ediye;fzYeUpiF8PTlAC6BqusyIv;Aliye Yakubova-Ediye;scripts/lyrics_crh_lt/Aliye Yakubova - Ediye.txt;Y;Aliye Hacabadinova;Aliye Hacabadinova;0.97;HIGH;NO;
crh_lt;Dilâver Bekirov - Ay, çamlar;uVyHi52xhP1w0qAQbgeLPT;Dilâver Bekirov-Ay, çamlar;scripts/lyrics_crh_lt/Dilâver Bekirov - Ay, çamlar.txt;Y;Dilâver Bekirov;Dilâver Bekirov;0.92;HIGH;NO;
crh_lt;Elvina Yuldaşeva - Aqqan suvlar;4lYS9WrJHfFHO5CezFhfDS;Elvina Yuldaşeva-Aqqan suvlar;scripts/lyrics_crh_lt/Elvina Yuldaşeva - Aqqan suvlar.txt;Y;Elvina Yuldaşeva;Elvina Yuldaşeva;0.95;HIGH;NO;
crh_lt;Elvira Sarıhalil - Geceler, uzun geceler Геджелер, узун геджелер;6EK7XQkU9TzbmXL0fAOH39;Elvira Sarıhalil-Geceler uzun geceler;scripts/lyrics_crh_lt/Elvira Sarıhalil - Geceler, uzun geceler Геджелер, узун геджелер.txt;Y;Elvira Sarıhalil;Elvira Sarıhalil;0.87;HIGH;NO;
crh_lt;Jamala - Mektüp yazdım;aPtrMGFL8dDtHwLNJO5EfV;Jamala-Mektüp yazdım (Live);scripts/lyrics_crh_lt/Jamala - Mektüp yazdım.txt;Y;Jamala;Jamala;0.92;HIGH;NO;
crh_lt;Afize Yusuf-Qızı - Ahtem;u5i8J6Ilhl98eWWooRg4Zr;Afize Yusuf-qızı-Ahtem;scripts/lyrics_crh_lt/Afize Yusuf-Qızı - Ahtem.txt;Y;Afize Yusuf-qızı;Afize Yusuf-qızı;1.08;HIGH;NO;
crh_lt;Leniye İzmaylova - Söyleştim tüşümde;6Hgb6zv3sgm4n87zu32Hbr;Leniye İzmaylova-Söyleştim tüşümde;scripts/lyrics_crh_lt/Leniye İzmaylova - Söyleştim tüşümde.txt;Y;Leniye İzmaylova;Leniye İzmaylova;0.94;HIGH;NO;
crh_lt;Zore Kadıyeva - Qızlar;3YzHoHVYJkoFEafaFT2Zic;Zore Kadıyeva-Qızlar;scripts/lyrics_crh_lt/Zore Kadıyeva - Qızlar.txt;Y;Zore Kadıyeva;Zore Kadıyeva;1.07;HIGH;NO;
crh_lt;Asan Hayretdinov - Menim olacaqsıñ;CBbNeUfYu4SC0f3Fih4fAx;Asan Hayretdinov ve Aliye Yakubova-Menim olacaqsıñ;scripts/lyrics_crh_lt/Asan Hayretdinov - Menim olacaqsıñ.txt;Y;Asan Hayretdinov;Asan Hayretdinov;0.87;HIGH;NO;
crh_lt;Asan Hayretdinov - Unutma Унутма;CrxXMJm3XRauU6vxRgMdDS;Asan Hayretdinov-Unutma (minus);scripts/lyrics_crh_lt/Asan Hayretdinov - Unutma Унутма.txt;Y;Asan Hayretdinov;Asan Hayretdinov;0.96;HIGH;NO;
crh_lt;Jamala - PENCEREDEN;LHidDhGj4WwffE3nD6ntk8;Jamala-Pencereden;scripts/lyrics_crh_lt/Jamala - PENCEREDEN.txt;Y;Jamala;Jamala;1.07;HIGH;YES;1/2
crh_lt;Jamala - Pengereden (Пенджереден);LHidDhGj4WwffE3nD6ntk8;Jamala-Pencereden;scripts/lyrics_crh_lt/Jamala - Pengereden (Пенджереден).txt;Y;Jamala;Jamala;0.83;HIGH;YES;2/2
crh_lt;Afize Yusuf-Qızı - Vatan asreti;sXG0ISgskEMUW302nK8lGy;Afize Yusuf-qızı - Vatan asreti;scripts/lyrics_crh_lt/Afize Yusuf-Qızı - Vatan asreti.txt;Y;Afize Yusuf-qızı;Afize Yusuf-qızı;1.1;HIGH;NO;
crh_lt;Güzel - Aqsa qara qanım aqsın;Yd04oBbzRxzGSmqmen6rVE;Güzel-Aqsa qara qanım aqsın;scripts/lyrics_crh_lt/Güzel - Aqsa qara qanım aqsın.txt;Y;Güzel;Güzel;0.94;HIGH;NO;
crh_lt;Jamala - Unutmasan Унутмасанъ;pafWnOpwxclgCS8IwHvud8;Jamala-Unutmasañ;scripts/lyrics_crh_lt/Jamala - Unutmasan Унутмасанъ.txt;Y;Jamala;Jamala;0.83;HIGH;NO;
crh_lt;Fevzi Aliyev - Ay tavlar;Fk7YNBi7GmFi016cStgOcy;Fevzi Aliyev-Ay, dağlar;scripts/lyrics_crh_lt/Fevzi Aliyev - Ay tavlar.txt;Y;Destan (Fevzi Aliyev);Destan (Fevzi Aliyev);0.88;HIGH;YES;1/2
crh_lt;Halisa Ablayeva - Noğay beyitleri;HqLrAwANjHC2v0m8gLIdLU;Halisa Ablayeva-Noğay beyitleri;scripts/lyrics_crh_lt/Halisa Ablayeva - Noğay beyitleri.txt;Y;Halisa Ablayeva;Halisa Ablayeva;1.05;HIGH;NO;
crh_lt;Susanna Memetova - Ant Etkenmen;mACSwUhH2pfEM5HQNNcm4V;Susanna Memetova-Ant etkenmen;scripts/lyrics_crh_lt/Susanna Memetova - Ant Etkenmen.txt;Y;Susanna Memetova;Susanna Memetova;1.08;HIGH;YES;1/2
crh_lt;Emine Mustafayeva - Qaleniñ tübünde;Ev8D5u7iPqruGOu5k8zEVc;Emine Mustafayeva-Qaleniñ tübünde;scripts/lyrics_crh_lt/Emine Mustafayeva - Qaleniñ tübünde.txt;Y;Emine Mustafayeva;Emine Mustafayeva;0.99;HIGH;NO;
crh_lt;Reana Tarkova - Yalan Sözler;uAzryv3cep587xpbhkuDJ0;Reana Tarkova - Yalan sözler;scripts/lyrics_crh_lt/Reana Tarkova - Yalan Sözler.txt;Y;Reana Tarkova;Reana Tarkova;1.06;HIGH;NO;
crh_lt;Güzel - Men seni sevem;StHO8A03ERtDnTiA9uC4hq;Güzel-Men seni sevem;scripts/lyrics_crh_lt/Güzel - Men seni sevem.txt;Y;Güzel;Güzel;0.92;HIGH;NO;
crh_lt;Elvira Sarıhalil - Qayadan Endim Bugüñ;2ygJMm2BDTDsOD8UAZulqV;Elvira Sarıhalil-Qayadan endim;scripts/lyrics_crh_lt/Elvira Sarıhalil - Qayadan Endim Bugüñ.txt;Y;Elvira Sarıhalil;Elvira Sarıhalil;0.99;HIGH;YES;1/2
crh_lt;Susanna Memetova - Чуфут Къызы;dRZb7MhSuADY5tMR0iL0Av;Susanna Memetova-Çufut qızı;scripts/lyrics_crh_lt/Susanna Memetova - Чуфут Къызы.txt;Y;Susanna Memetova;Susanna Memetova;1.04;HIGH;NO;
crh_lt;Elzara Batalova - Dünyağa keldik;CiPtaopNFV0mJxUD90t91b;Elzara Batalova ve Nariman Baliç-Dünyağa keldik;scripts/lyrics_crh_lt/Elzara Batalova - Dünyağa keldik.txt;Y;Elzara Batalova;Elzara Batalova;0.84;HIGH;NO;
crh_lt;Asan Hayretdinov - Arzum menim;siW17lHVwmB6M44VV6QJOt;Asan Hayretdinov-Arzum menim;scripts/lyrics_crh_lt/Asan Hayretdinov - Arzum menim.txt;Y;Asan Hayretdinov;Asan Hayretdinov;1.08;HIGH;NO;
crh_lt;Güzel - Qırım;9MuXekFxpl9Qw4SObpJzWy;Güzel-Qırım;scripts/lyrics_crh_lt/Güzel - Qırım.txt;Y;Güzel;Güzel;0.86;HIGH;NO;
crh_lt;Zeynep Lumanova - Em Seversıñ;TtANxvpF2KWW9dq7Y3ncai;Zeynep Lömanova-Em seversiñ;scripts/lyrics_crh_lt/Zeynep Lumanova - Em Seversıñ.txt;Y;Zeynep Lömanova;Zeynep Lömanova;0.87;HIGH;NO;
crh_lt;Güzel - Maña seni unut, deyler;IdXEH2sA04AEwuaXNMDjeQ;Güzel-Maña seni unut deyler (remix);scripts/lyrics_crh_lt/Güzel - Maña seni unut, deyler.txt;Y;Güzel;Güzel;0.81;HIGH;NO;
crh_lt;Server Kakura - Ağlama Kelin;8GIxd54hyaMUNiKjbRae1i;Server Kakura-Ağlama kelin;scripts/lyrics_crh_lt/Server Kakura - Ağlama Kelin.txt;Y;Server Kakura;Server Kakura;1.04;HIGH;NO;
crh_lt;Sevil Memetova - Dohtur;1sXfhGJMYodzrNXPdzjghS;Sevil Memetova-Dohtur (Live);scripts/lyrics_crh_lt/Sevil Memetova - Dohtur.txt;Y;Sevil Memetova;Sevil Memetova;0.97;HIGH;NO;
crh_lt;Marlen Settarov - Dülberim;Eqx4tfPk8AscAqo7nQvP1a;Marlen Settarov-Dülberim;scripts/lyrics_crh_lt/Marlen Settarov - Dülberim.txt;Y;Marlen Settarov;Marlen Settarov;1.04;HIGH;NO;
crh_lt;Zore Kadıyeva - Qırımtatar qadınları;ewHJlgGyV8J7Ce8aseRMRI;Zore Kadıyeva-Qırımtatar qadınları;scripts/lyrics_crh_lt/Zore Kadıyeva - Qırımtatar qadınları.txt;Y;Zore Kadıyeva;Zore Kadıyeva;1.09;HIGH;NO;
crh_lt;Rustem Memetov - Ey, Güzelim(Эй, гузелим);XC37LFxsJO5glJzTJKGhdl;Rustem Memetov ve Gülizar Bekirova-Ey, güzelim;scripts/lyrics_crh_lt/Rustem Memetov - Ey, Güzelim(Эй, гузелим).txt;Y;Rustem Memetov;Rustem Memetov;0.86;HIGH;NO;
crh_lt;Elvira Sarıhalil - Sudaq'ın Yaluları;op3V42HRkHgDWInmnQkJgj;Elvira Sarıhalil-Dağlarnıñ yolları;scripts/lyrics_crh_lt/Elvira Sarıhalil - Sudaq'ın Yaluları.txt;Y;Elvira Sarıhalil;Elvira Sarıhalil;0.92;HIGH;NO;
crh_lt;Marlen Settarov - Yüregiñni aç Юрегимны ач;GOVjnteDqvejflACKD3c41;Marlen Settarov-Yüregiñni aç;scripts/lyrics_crh_lt/Marlen Settarov - Yüregiñni aç Юрегимны ач.txt;Y;Marlen Settarov;Marlen Settarov;0.81;HIGH;NO;
crh_lt;Nazife Reizova - Araba qapı;Y0GTgXaExpmurucP6AJ0v7;Nazife Reizova-Araba qapı;scripts/lyrics_crh_lt/Nazife Reizova - Araba qapı.txt;Y;Nazife Reizova;Nazife Reizova;1.08;HIGH;NO;
crh_lt;Ediye Topçi - Seni maña ğayet güzel dediler;tAgPNRmaRwdTaEmG09PGeZ;Ediye Topçi-Seni maña ğayet güzel dediler;scripts/lyrics_crh_lt/Ediye Topçi - Seni maña ğayet güzel dediler.txt;Y;Ediye Topçi;Ediye Topçi;0.89;HIGH;NO;
crh_lt;Güzel - Millet;KKQmYCOB3NziHxw0oB5E71;Güzel-Millet;scripts/lyrics_crh_lt/Güzel - Millet.txt;Y;Güzel;Güzel;0.87;HIGH;NO;
crh_lt;Fevzi Bilalov - Salğır Boyu;wi0lQ8q0wsRzIzFjpb2dDm;Fevzi Bilâlov-Salğır boyu;scripts/lyrics_crh_lt/Fevzi Bilalov - Salğır Boyu.txt;Y;Fevzi Bilâlov;Fevzi Bilâlov;1.04;HIGH;NO;
crh_lt;Güzel - Sevgi tura taş temelde;hrgEEdwC3yBtfjh76mF6oB;Güzel-Sevgi tura taş temelde;scripts/lyrics_crh_lt/Güzel - Sevgi tura taş temelde.txt;Y;Güzel;Güzel;0.91;HIGH;NO;
crh_lt;Emiliya Ablayeva - Sağınuv;2UeTnjPNOvepgtyFiHepdj;Emiliya Ablayeva-Sağınuv;scripts/lyrics_crh_lt/Emiliya Ablayeva - Sağınuv.txt;Y;Emiliya Ablayeva;Emiliya Ablayeva;1.04;HIGH;NO;
crh_lt;Asiye Saale - Usul-usul;oq0xf3pvu4R8vXRh26UDkD;Asiye Saale-Usul-usul;scripts/lyrics_crh_lt/Asiye Saale - Usul-usul.txt;Y;Asiye Saale;Asiye Saale;1.07;HIGH;NO;
crh_lt;Afize Kassara - Ay oğlan tatarmısıñ;adJjnYT4a8gk2pnYgjKwH9;Afize Kassara-Ay, oğlan, tatarmısıñ;scripts/lyrics_crh_lt/Afize Kassara - Ay oğlan tatarmısıñ.txt;Y;Afize Kassara;Afize Kassara;1.02;HIGH;NO;
crh_lt;Leniye İzmaylova - Padişa qızları;PbJf9TKjIXhx9MeKc3zY6Y;Leniye İzmaylova ve Güzel-Padişa qızları;scripts/lyrics_crh_lt/Leniye İzmaylova - Padişa qızları.txt;Y;Leniye İzmaylova;Leniye İzmaylova;0.96;HIGH;NO;
crh_lt;Aliye Civan - Yeşil yapraq;J9btH9TLeaL5SnxszlNIYB;Aliye Civan-Yeşil yapraq;scripts/lyrics_crh_lt/Aliye Civan - Yeşil yapraq.txt;Y;Aliye Civan;Aliye Civan;1.04;HIGH;NO;
crh_lt;Afize Yusuf-Qızı - Qarasuvnıñ dört köşesi;SiAKYmifvtP70sfX2r2jkX;Afize Yusuf-qızı-Qarasuvnıñ dört köşesi;scripts/lyrics_crh_lt/Afize Yusuf-Qızı - Qarasuvnıñ dört köşesi.txt;Y;Afize Yusuf-qızı;Afize Yusuf-qızı;0.98;HIGH;NO;
crh_lt;Sabriye Erecepova - Sevdim seni;RwaLdg29TKSDMTUqL67TXF;Sabriye Erecepova-Sevdim seni;scripts/lyrics_crh_lt/Sabriye Erecepova - Sevdim seni.txt;Y;Sabriye Erecepova;Sabriye Erecepova;1.08;HIGH;NO;
crh_lt;Emine Mustafayeva - Vatan yırı;YOT6RJyDGkZdqxP4g2orYT;Emine Mustafayeva-Vatan yırı;scripts/lyrics_crh_lt/Emine Mustafayeva - Vatan yırı.txt;Y;Emine Mustafayeva;Emine Mustafayeva;1.08;HIGH;YES;1/2
crh_lt;Halisa Ablayeva - Adalar sailinde;iFwOT2Ak6rjEp8ioCK1GBq;Halisa Ablayeva-Adalar sailinde;scripts/lyrics_crh_lt/Halisa Ablayeva - Adalar sailinde.txt;Y;Halisa Ablayeva;Halisa Ablayeva;1.08;HIGH;NO;
crh_lt;Zore Kadıyeva - Ah, kelinim;M48KJvVJrDl5GmpJmBdbqK;Zore Kadıyeva-Ah, kelinim;scripts/lyrics_crh_lt/Zore Kadıyeva - Ah, kelinim.txt;Y;Zore Kadıyeva;Zore Kadıyeva;1.08;HIGH;NO;
crh_lt;Asan Hayretdinov - Seni kördim (Сени корьдим);KYxsGkE54Qlgt6CzhbXT6A;Asan Hayretdinov-Seni kördim;scripts/lyrics_crh_lt/Asan Hayretdinov - Seni kördim (Сени корьдим).txt;Y;Asan Hayretdinov;Asan Hayretdinov;0.91;HIGH;NO;
crh_lt;Lenara Osmanova - Biz;0YtFl8s28yFlKcUN3h1Zbx;Lenara Osmanova-Biz;scripts/lyrics_crh_lt/Lenara Osmanova - Biz.txt;Y;Lenara Osmanova;Lenara Osmanova;1.07;HIGH;NO;
crh_lt;Asiye Saale - Meni ğamdan azat eyle;qzWX9uMLVUpiiIq3eMWYIp;Asiye Saale-Meni ğamdan azat eyle;scripts/lyrics_crh_lt/Asiye Saale - Meni ğamdan azat eyle.txt;Y;Asiye Saale;Asiye Saale;1.05;HIGH;NO;
crh_lt;Ediye Topçi - Baar kelse;vTXPFGpTpjGETQnNqaCdC6;Ediye Topçi-Baar kelse;scripts/lyrics_crh_lt/Ediye Topçi - Baar kelse.txt;Y;Ediye Topçi;Ediye Topçi;0.93;HIGH;NO;
crh_lt;Elzara Batalova - Bizim taraf;4QcWVGcP3dew714b2ybYhf;Elzara Batalova-Bizim taraf;scripts/lyrics_crh_lt/Elzara Batalova - Bizim taraf.txt;Y;Elzara Batalova;Elzara Batalova;1.08;HIGH;NO;
crh_lt;Asiye Saale - Ağla meni (Su qayadan süzülür);a4bZFa2gzDTujQleaYSyje;Asiye Saale - Agla meni (Su qayadan suzulur);scripts/lyrics_crh_lt/Asiye Saale - Ağla meni (Su qayadan süzülür).txt;Y;Asiye Saale;Asiye Saale;1;HIGH;NO;
crh_lt;Elzara Batalova - Qarşıdan fener kelir;GgPwRw9CqeuDasTSzDeTmR;Elzara Batalova-Qarşıdan fener kelir (Minareler tübünde);scripts/lyrics_crh_lt/Elzara Batalova - Qarşıdan fener kelir.txt;Y;Elzara Batalova;Elzara Batalova;0.86;HIGH;NO;
crh_lt;Reyana Kadırova - Arnavutlar eker baqla;SBJvQhtJ4i974yvgdMnQW7;Reyana Kadırova-Arnavutlar eker baqla;scripts/lyrics_crh_lt/Reyana Kadırova - Arnavutlar eker baqla.txt;Y;Reyana Kadırova;Reyana Kadırova;1.09;HIGH;NO;
crh_lt;Leniye İzmaylova - Qınalı da parmaqlarıñ;tTFU7hP5yKzWDj5yAuqh0F;Leniye İzmaylova-Qınalı parmaqlarıñ;scripts/lyrics_crh_lt/Leniye İzmaylova - Qınalı da parmaqlarıñ.txt;Y;Leniye İzmaylova;Leniye İzmaylova;1.02;HIGH;NO;
crh_lt;Zore Kadıyeva - Diñle meni;2RGfKTetf74yFnj8F26f5l;Zore Kadıyeva-Diñle meni;scripts/lyrics_crh_lt/Zore Kadıyeva - Diñle meni.txt;Y;Zore Kadıyeva;Zore Kadıyeva;1.04;HIGH;NO;
crh_lt;Asiye Saale - Gidene baq, gidene;mhc4Tx0hFaTJn0aCod0uEc;Asiye Saale - Gidene baq, gidene;scripts/lyrics_crh_lt/Asiye Saale - Gidene baq, gidene.txt;Y;Asiye Saale;Asiye Saale;1.1;HIGH;NO;
crh_lt;Reana Tarkova - Qızçıgım;aFxyNqevtc6ZJeklQlvCbu;Reana Tarkova-Qızçığım;scripts/lyrics_crh_lt/Reana Tarkova - Qızçıgım.txt;Y;Reana Tarkova;Reana Tarkova;1.03;HIGH;NO;
crh_lt;Susanna Memetova - Suv aqar tınıq-tınıq;svDX6Ff4LtWZ5RKixZvIdm;Susanna Memetova-Suv aqar tınıq-tınıq;scripts/lyrics_crh_lt/Susanna Memetova - Suv aqar tınıq-tınıq.txt;Y;Susanna Memetova;Susanna Memetova;1.09;HIGH;NO;
crh_lt;Aliye Civan - Alime (Sıra-sıra Cezveler);P6Ywuaz4qq53AcvnsBwbOz;Aliye Civan-Alime (Sıra-sıra cezveler);scripts/lyrics_crh_lt/Aliye Civan - Alime (Sıra-sıra Cezveler).txt;Y;Aliye Civan;Aliye Civan;1.09;HIGH;NO;
crh_lt;Afize Kassara - Pencereden quş uçtı;bgysV7QLqp5dmCbMuziABh;Afize Kassara-Pencereden quş uçtı;scripts/lyrics_crh_lt/Afize Kassara - Pencereden quş uçtı.txt;Y;Afize Kassara;Afize Kassara;1.02;HIGH;NO;
crh_lt;Susanna Memetova - Qaranfil;jG7kAJeYw0yGZyds1o9pIQ;Susanna Memetova-Qaranfil;scripts/lyrics_crh_lt/Susanna Memetova - Qaranfil.txt;Y;Susanna Memetova;Susanna Memetova;1.08;HIGH;NO;
crh_lt;Eshnight - Suvuq (Сувукъ);h7j3AVSzXreMTHndP2Gg1B;Eshnight-Suvuq;scripts/lyrics_crh_lt/Eshnight - Suvuq (Сувукъ).txt;Y;Eshnight;Eshnight;0.89;HIGH;NO;
crh_lt;Şefika Tatarisova - Qızılçıqlar;g6yJMUvBTCucgtaz3SoPGl;Şefika Tatarisova-Qızılçıqlar;scripts/lyrics_crh_lt/Şefika Tatarisova - Qızılçıqlar.txt;Y;Şefika Tatarisova;Şefika Tatarisova;0.91;HIGH;NO;
qmusic;061 - LENARA OSMANOVA - BEYAZ GEMİ;nUEthfrWpcwI2qSu02oeEK;Lenara Osmanova-Beyaz gemi;scripts/lyrics_qmusic/061 - LENARA OSMANOVA - BEYAZ GEMİ.txt;Y;Lenara Osmanova;Lenara Osmanova;1.01;HIGH;YES;1/2
crh_lt;Lenara Osmanova - Beyaz Gemi Беяз геми;nUEthfrWpcwI2qSu02oeEK;Lenara Osmanova-Beyaz gemi;scripts/lyrics_crh_lt/Lenara Osmanova - Beyaz Gemi Беяз геми.txt;Y;Lenara Osmanova;Lenara Osmanova;0.91;HIGH;YES;2/2
crh_lt;Asan Hayretdinov - Yanımdasıñ;rWj5fhbDTgEqmjiwLBkqWd;Asan Hayretdinov-Yanımdasıñ;scripts/lyrics_crh_lt/Asan Hayretdinov - Yanımdasıñ.txt;Y;Asan Hayretdinov;Asan Hayretdinov;1.04;HIGH;NO;
crh_lt;Reyana Kadırova - Tavğa bardım;GCDwfFXydasnBLWDhaRuo3;Reyana Kadırova-Tavğa bardım;scripts/lyrics_crh_lt/Reyana Kadırova - Tavğa bardım.txt;Y;Reyana Kadırova;Reyana Kadırova;1.05;HIGH;YES;1/2
crh_lt;Raziye Seytablayeva - Sevda oldım;PK0TKo0YRn25PU3vIqgdhJ;Raziye Seytablayeva - Sevda oldım;scripts/lyrics_crh_lt/Raziye Seytablayeva - Sevda oldım.txt;Y;Raziye Seytablayeva;Raziye Seytablayeva;1.1;HIGH;NO;
crh_lt;Afize Yusuf-Qızı - Deñiz dalğasız olmaz;MuK8B1OBUOnl7ujJVDM0by;Afize Yusuf-qızı-Deñiz dalğasız olmaz;scripts/lyrics_crh_lt/Afize Yusuf-Qızı - Deñiz dalğasız olmaz.txt;Y;Afize Yusuf-qızı;Afize Yusuf-qızı;1.03;HIGH;NO;
crh_lt;Jamala - Meni ğamdan azat eyle;SRe6TN9CrK3yFAZXL7derV;Jamala-Meni ğamdan azat eyle;scripts/lyrics_crh_lt/Jamala - Meni ğamdan azat eyle.txt;Y;Jamala;Jamala;1.05;HIGH;NO;
crh_lt;Zore Kadıyeva - Bayraq;RUbDUuuo6hi857eXlj9a74;Zore Kadıyeva-Bayraq;scripts/lyrics_crh_lt/Zore Kadıyeva - Bayraq.txt;Y;Zore Kadıyeva;Zore Kadıyeva;1.07;HIGH;NO;
crh_lt;Ediye Topçi - Qolda filcanım;xWnzFuR5bTGArTmGlnCQua;Ediye Topçi-Qolda filcanım;scripts/lyrics_crh_lt/Ediye Topçi - Qolda filcanım.txt;Y;Ediye Topçi;Ediye Topçi;0.94;HIGH;NO;
crh_lt;Asan Bilâlov - Baydarava Yolları;yOBFmZJULcfX4Q5g0nJM4f;Fevzi Bilâlov-Baydarava yolları;scripts/lyrics_crh_lt/Asan Bilâlov - Baydarava Yolları.txt;Y;Fevzi Bilâlov;Fevzi Bilâlov;0.81;HIGH;NO;
crh_lt;Güzel - Yel olsam;1pP6WjuAHt6rFapxmAO4nk;Güzel-Yel olsam;scripts/lyrics_crh_lt/Güzel - Yel olsam.txt;Y;Güzel;Güzel;0.9;HIGH;YES;1/2
crh_lt;Aliye Yakubova - Erecebim;iLOIPsXYf3wewlrp8cLvX2;Aliye Yakubova-Erecebim;scripts/lyrics_crh_lt/Aliye Yakubova - Erecebim.txt;Y;Aliye Hacabadinova;Aliye Hacabadinova;0.98;HIGH;NO;
crh_lt;Raziye Seytablayeva - Şaq-şaq;IqUk4aIh9xk2BOQd6whfOd;Raziye Seytablayeva - Şaq-şaq;scripts/lyrics_crh_lt/Raziye Seytablayeva - Şaq-şaq.txt;Y;Raziye Seytablayeva;Raziye Seytablayeva;1.02;HIGH;NO;
crh_lt;Emine Mustafayeva - Dostum;KRXr4Erom5DpsEGQ8aNCkR;Emine Mustafayeva-Dostum;scripts/lyrics_crh_lt/Emine Mustafayeva - Dostum.txt;Y;Emine Mustafayeva;Emine Mustafayeva;1.08;HIGH;YES;1/2
crh_lt;Afize Yusuf-Qızı - Beşik yırı;1VSPWVGzvPeSMH9aj7HbPC;Afize Yusuf-qızı-Beşik yırı;scripts/lyrics_crh_lt/Afize Yusuf-Qızı - Beşik yırı.txt;Y;Afize Yusuf-qızı;Afize Yusuf-qızı;1.04;HIGH;NO;
crh_lt;Asiye Saale - Seit-Asan;KCrarFRKXtpslMVLVrmdDY;Asiye Saale-Seitasan;scripts/lyrics_crh_lt/Asiye Saale - Seit-Asan.txt;Y;Asiye Saale;Asiye Saale;1.07;HIGH;NO;
crh_lt;Zeynep Seytumerova - Aldatma qıznı;5ciPlg5z38UkPi8kcNQdf3;Zeynep Seytumerova-Aldatma qıznı;scripts/lyrics_crh_lt/Zeynep Seytumerova - Aldatma qıznı.txt;Y;Zeynep Seytumerova;Zeynep Seytumerova;1.08;HIGH;NO;
crh_lt;Raziye Seytablayeva - Eki pugu;lLPv3rJiwhpAk20lIlgRcj;Raziye Seytablayeva-Eki puğu;scripts/lyrics_crh_lt/Raziye Seytablayeva - Eki pugu.txt;Y;Raziye Seytablayeva;Raziye Seytablayeva;1.08;HIGH;NO;
crh_lt;Elnara Küçük - Sevgiñ ateş kibi;wRH67WFR2V9kIKIO5kH72M;Elnara Küçük-Sevgiñ ateş kibi;scripts/lyrics_crh_lt/Elnara Küçük - Sevgiñ ateş kibi.txt;Y;Elnara Küçük;Elnara Küçük;0.81;HIGH;NO;
crh_lt;Halisa Ablayeva - Къаленинъ тюбюнде;N2QjRe6HCmQEYN2Q1EYGxd;Halisa Ablayeva-Qaleniñ tübünde;scripts/lyrics_crh_lt/Halisa Ablayeva - Къаленинъ тюбюнде.txt;Y;Halisa Ablayeva;Halisa Ablayeva;1.02;HIGH;NO;
crh_lt;Rustem Memetov - Kel, Mavı Közlüm(Кель, мавы козьлюм);HVBLUq6K4bu0pLLQvohXGN;Rustem Memetov-Kel, mavı közlüm;scripts/lyrics_crh_lt/Rustem Memetov - Kel, Mavı Közlüm(Кель, мавы козьлюм).txt;Y;Rustem Memetov;Rustem Memetov;0.87;HIGH;NO;
crh_lt;Aliye Yakubova - Yosmam;yjbsX6hTPe1kVphk3UQ1No;Aliye Yakubova-Yosmam;scripts/lyrics_crh_lt/Aliye Yakubova - Yosmam.txt;Y;Aliye Hacabadinova;Aliye Hacabadinova;0.98;HIGH;NO;
crh_lt;Arsen Bekirov - Sağınam;3Khgn79b7d64KVssNUsvzh;Arsen Bekirov-Sağınam;scripts/lyrics_crh_lt/Arsen Bekirov - Sağınam.txt;Y;Arsen Bekirov;Arsen Bekirov;1.03;HIGH;NO;
crh_lt;Sabriye Erecepova - Qaynana ve kelin;ALDRnrUw01An9xtJqS6T7v;Sabriye Erecepova-Qaynana ve kelin;scripts/lyrics_crh_lt/Sabriye Erecepova - Qaynana ve kelin.txt;Y;Sabriye Erecepova;Sabriye Erecepova;1.09;HIGH;NO;
crh_lt;Emiliya Ablayeva - Elvida;kp8cv5INf25Os2ahRDQt8i;Emiliya Ablayeva-Elvida;scripts/lyrics_crh_lt/Emiliya Ablayeva - Elvida.txt;Y;Emiliya Ablayeva;Emiliya Ablayeva;1.08;HIGH;NO;
crh_lt;Lenara Osmanova - Ateş Атеш;2ajprHgTYgwlRCiIKBErYP;Lenara Osmanova-Ateş;scripts/lyrics_crh_lt/Lenara Osmanova - Ateş Атеш.txt;Y;Lenara Osmanova;Lenara Osmanova;0.92;HIGH;NO;
crh_lt;Asiye Saale - Doğğan yerim dağ-dereler;kO9BIEM7SlJMxkVQbLF4Qb;Асие Саале - Догъгъан ерим дагъ-дерелер;scripts/lyrics_crh_lt/Asiye Saale - Doğğan yerim dağ-dereler.txt;Y;Asiye Saale;Asiye Saale;1.07;HIGH;NO;
crh_lt;Asiye Saale - Küzde yapraq tökülür;SXJpKkjatueQka7i1olhWT;Asiye Saale ve ATR ansambli-Küzde yapraq tökülür;scripts/lyrics_crh_lt/Asiye Saale - Küzde yapraq tökülür.txt;Y;Asiye Saale;Asiye Saale;0.81;HIGH;NO;
crh_lt;Elvina Yuldaşeva - Vatanım Qırım;jS7TMEgU9Z5c37knwpswm2;Elvina Yuldaşeva-Vatanım Qırım;scripts/lyrics_crh_lt/Elvina Yuldaşeva - Vatanım Qırım.txt;Y;Elvina Yuldaşeva;Elvina Yuldaşeva;0.95;HIGH;NO;
crh_lt;Üsniye İbraimova - Terligim;OKv8g2yuiaRQQZqbEKbiR0;Üsniye İbraimova-Terligim;scripts/lyrics_crh_lt/Üsniye İbraimova - Terligim.txt;Y;Üsniye İbraimova;Üsniye İbraimova;1.08;HIGH;NO;
crh_lt;Eshnight - Nege Kerek (Неге Керек);Z8TiS7j2XlbvMtyJesesaN;Eshnight-Nege kerek;scripts/lyrics_crh_lt/Eshnight - Nege Kerek (Неге Керек).txt;Y;Eshnight;Eshnight;0.85;HIGH;NO;
crh_lt;Üriye Kermençikli - Anteresi ala beñzeyür;z09asVvGxdaCmsywxQjvHx;Üriye Kermençikli-Anterisi ala beñzeyur;scripts/lyrics_crh_lt/Üriye Kermençikli - Anteresi ala beñzeyür.txt;Y;Üriye Kermençikli;Üriye Kermençikli;0.86;HIGH;NO;
crh_lt;Şefika Tatarisova - Qaranfil;BN0jatdxu5YXCJziRMSLDt;Şefika Tatarisova-Qaranfil;scripts/lyrics_crh_lt/Şefika Tatarisova - Qaranfil.txt;Y;Şefika Tatarisova;Şefika Tatarisova;0.94;HIGH;NO;
crh_lt;Elzara Batalova - Em seversiñ, em sevmezsiñ;dDZMAwMaB3fTRRoKrPMeBY;Elzara Batalova-Em seversiñ (Live);scripts/lyrics_crh_lt/Elzara Batalova - Em seversiñ, em sevmezsiñ.txt;Y;Elzara Batalova;Elzara Batalova;0.86;HIGH;NO;
crh_lt;Afize Yusuf-Qızı - Yürekten;f3PvkTuY2eKf43CqMHrL2N;Afize Yusuf-qızı-Yürekten;scripts/lyrics_crh_lt/Afize Yusuf-Qızı - Yürekten.txt;Y;Afize Yusuf-qızı;Afize Yusuf-qızı;1.04;HIGH;NO;
crh_lt;Marlen Settarov - İç suçlu degilsiñ sen;2ExFInaxJEHRixBI3eIC4A;Marlen Settarov-İç suçlu degilsiñ sen;scripts/lyrics_crh_lt/Marlen Settarov - İç suçlu degilsiñ sen.txt;Y;Marlen Settarov;Marlen Settarov;1;HIGH;NO;
crh_lt;Asan Hayretdinov - Sevgi ikâyesi;sKSJ6Yjli6NCPrEejVJxEw;Asan Hayretdinov-Sevgi ikâyesi;scripts/lyrics_crh_lt/Asan Hayretdinov - Sevgi ikâyesi.txt;Y;Asan Hayretdinov;Asan Hayretdinov;1.07;HIGH;NO;
crh_lt;Güzel - Sevgi dağları;85XksWTF69TZ4JrbTXC4eQ;Güzel-Sevgi dağları;scripts/lyrics_crh_lt/Güzel - Sevgi dağları.txt;Y;Güzel;Güzel;0.86;HIGH;NO;
crh_lt;Reyana Kadırova - Dağdan endi bir qozu;qVUfSgtjFm5oC0QMCXX1vb;Reyana Kadırova-Dağdan endi bir qozu;scripts/lyrics_crh_lt/Reyana Kadırova - Dağdan endi bir qozu.txt;Y;Reyana Kadırova;Reyana Kadırova;1.06;HIGH;NO;
crh_lt;Zore Kadıyeva - Körbegim;a3YOIkyD65R6sTeL9a2pxG;Zore Kadıyeva-Körbegim;scripts/lyrics_crh_lt/Zore Kadıyeva - Körbegim.txt;Y;Zore Kadıyeva;Zore Kadıyeva;1.03;HIGH;NO;
crh_lt;Aliye Bekirova - Vatanda Sevip Yaşa;LRdxHvE7H8ZzcboE7qjbbp;Aliye Bekirova - Vatanda sevip yaşa;scripts/lyrics_crh_lt/Aliye Bekirova - Vatanda Sevip Yaşa.txt;Y;Aliye Bekirova;Aliye Bekirova;1.07;HIGH;NO;
qmusic;018 - FAETON - MEMLEKETİM;2ZEYCm7ocSjonFPYlf1fQJ;Faeton-Memleketim;scripts/lyrics_qmusic/018 - FAETON - MEMLEKETİM.txt;Y;Faeton;Faeton;0.96;HIGH;NO;
qmusic;062 - SERVER KAKURA - EBABİL;KlUtqKzU71XkmQiwVbk1Wf;Server Kakura-Ebabil;scripts/lyrics_qmusic/062 - SERVER KAKURA - EBABİL.txt;Y;Server Kakura;Server Kakura;0.98;HIGH;NO;
qmusic;017 - EMİLİYA ABLAYEVA - DOSTUM;UGmw0YBivt6NwcKmXuKaDr;Emiliya Ablayeva-Dostum;scripts/lyrics_qmusic/017 - EMİLİYA ABLAYEVA - DOSTUM.txt;Y;Emiliya Ablayeva;Emiliya Ablayeva;1;HIGH;NO;
qmusic;053 - ELZARA BATALOVA - EY, OĞLAN;DrT9Mqi7i5YvfmONesL2Fs;Elzara Batalova-Ey, oğlan;scripts/lyrics_qmusic/053 - ELZARA BATALOVA - EY, OĞLAN.txt;Y;Elzara Batalova;Elzara Batalova;0.96;HIGH;NO;
qmusic;049 - Server Kakura - Qırımım;zElSbaR7NPzz3wNOn3tegY;Server Kakura - Qırımım;scripts/lyrics_qmusic/049 - Server Kakura - Qırımım.txt;Y;Server Kakura;Server Kakura;1.01;HIGH;NO;
qmusic;031 - Yalcin Faik - Ant etkenmen aytaman;mQf6c6YZj0VoSiV6Qw92jz;Yalçın Faik-Ant etkenmen aytaman;scripts/lyrics_qmusic/031 - Yalcin Faik - Ant etkenmen aytaman.txt;Y;Yalçın Faik;Yalçın Faik;0.9;HIGH;NO;
qmusic;050 - NAZİFE REİZOVA - GİDENE BAH GİDENE;HEZP1fIoDfIs2ngG9ptbBt;Nazife Reizova - Gidene baq gidene;scripts/lyrics_qmusic/050 - NAZİFE REİZOVA - GİDENE BAH GİDENE.txt;Y;Nazife Reizova;Nazife Reizova;1.01;HIGH;NO;
qmusic;046 - RİKA ÇİNGİZ - AT MENİ;QgBZFOuhSePMkQSUsvYQeF;Rika Çingiz-At meni;scripts/lyrics_qmusic/046 - RİKA ÇİNGİZ - AT MENİ.txt;Y;Rika Çingiz;Rika Çingiz;0.83;HIGH;NO;
crh_lt;Unknown - Aydı, kel!;JLXkEv4VT4edsNYSgvum1J;FaTima-Aydı kel;scripts/lyrics_crh_lt/Unknown - Aydı, kel!.txt;Y;FaTima;FaTima;0.53;LOW;YES;2/2
sattarov;Эреджебим;19dCgtOay0KPUrcLxG3KCh;Arsen Osmanov-Erecebim;scripts/lyrics_sattarov/Эреджебим.txt;Y;Arsen Osmanov;Arsen Osmanov;0.55;LOW;NO;
sattarov;Эльхамдюллиля;XLRTrFbcdlUFRg0Fsw8289;Ernes Emirasanov-Elhamdülillâ;scripts/lyrics_sattarov/Эльхамдюллиля.txt;Y;Ernes Emirasanov;Ernes Emirasanov;0.52;LOW;NO;
sattarov;ЭБЕДИЙ;6DADnxcMrC78ShLKVLhYmm;Faeton-Ediye;scripts/lyrics_sattarov/ЭБЕДИЙ.txt;Y;Faeton;Faeton;0.59;LOW;NO;
sattarov;ХАЛВАДЖИ;hrCblBWV35UKG0nmjppYqa;Hayat-Elvacı;scripts/lyrics_sattarov/ХАЛВАДЖИ.txt;Y;Hayat;Hayat;0.53;LOW;NO;
sattarov;Эдие;jme2WNRg9hArb7rQNIyjCm;Sanat-Ediye;scripts/lyrics_sattarov/Эдие.txt;Y;Sanat;Sanat;0.57;LOW;NO;
sattarov;Хош кельдыныз мусафирлер;DEjNQUiPmnsSxeU6W14zTa;Qirim Yankisi - Hoşgeldiniz misafirler;scripts/lyrics_sattarov/Хош кельдыныз мусафирлер.txt;Y;Qırım Yankısı;Qırım Yankısı;0.58;LOW;NO;
sattarov;ЧИМЧАРАЙ;VAgsa3obVnpe24B94xLas1;Destan-Çimçaray;scripts/lyrics_sattarov/ЧИМЧАРАЙ.txt;Y;Destan (Fevzi Aliyev);Destan (Fevzi Aliyev);0.55;LOW;YES;2/2
crh_lt;Bekir Çoban-Zade - Bulutlar;3HEExoMucMhlY4D8pfhBSZ;Femiy Mustafayev-Bulutlar;scripts/lyrics_crh_lt/Bekir Çoban-Zade - Bulutlar.txt;Y;Femiy Mustafayev;Femiy Mustafayev;0.58;LOW;NO;
crh_lt;Unknown - Ah fadimem;f92yj4krLc2pM4fjuHR5l8;Susanna Memetova-Ah, Fatimem;scripts/lyrics_crh_lt/Unknown - Ah fadimem.txt;Y;Susanna Memetova;Susanna Memetova;0.59;LOW;NO;
crh_lt;Unknown - Sağındım (Obiymy);Az7JOcHXXntKqLxCtQS52b;Асан Хайретдинов - Сагъындым;scripts/lyrics_crh_lt/Unknown - Sağındım (Obiymy).txt;Y;Asan Hayretdinov;Asan Hayretdinov;0.5;LOW;NO;
crh_lt;Unknown Artist (Crimean Tatar) - Ant Etkenmen;mACSwUhH2pfEM5HQNNcm4V;Susanna Memetova-Ant etkenmen;scripts/lyrics_crh_lt/Unknown Artist (Crimean Tatar) - Ant Etkenmen.txt;Y;Susanna Memetova;Susanna Memetova;0.55;LOW;YES;2/2
crh_lt;Unknown - İnan Sen;szrDR4c2HMbcJoUvdps1cN;Zarema Şirinskaya-İnan sen;scripts/lyrics_crh_lt/Unknown - İnan Sen.txt;Y;Zarema Şirinskaya;Zarema Şirinskaya;0.49;LOW;NO;
crh_lt;Soviet Patriotic_Folk Songs - Не гузель ярашыр;B8WbsCVBlsrYzvUjLuadpI;Zeynep Lömanova-Ne güzel yaraşır;scripts/lyrics_crh_lt/Soviet Patriotic_Folk Songs - Не гузель ярашыр.txt;Y;Zeynep Lömanova;Zeynep Lömanova;0.49;LOW;NO;
crh_lt;Unknown - Qaytıp kel maña;rRssFfQPZXPEfOgnWCWvQn;Aliye Cepparova-Qaytıp kel maña;scripts/lyrics_crh_lt/Unknown - Qaytıp kel maña.txt;Y;Aliye Cepparova;Aliye Cepparova;0.57;LOW;NO;
crh_lt;Unknown - Yalvaram;TOTtQh1XLL1MHfjc6jn0Jm;Asan Umerov-Yalvaram;scripts/lyrics_crh_lt/Unknown - Yalvaram.txt;Y;Asan Umerov;Asan Umerov;0.57;LOW;NO;
qmusic;021 - Al qoyan canay çal qoyan canay;Rwoo3SmzBhkG2Rv0COdsYU;Yalçın Faik-Al qoyan canay;scripts/lyrics_qmusic/021 - Al qoyan canay çal qoyan canay.txt;Y;Yalçın Faik;Yalçın Faik;0.51;LOW;YES;2/2
crh_lt;Unknown - Uzaq Yoldan;lOzKGdWHd3lyQtaRlXEH8q;Zarema Şirinskaya-Uzaq yoldan;scripts/lyrics_crh_lt/Unknown - Uzaq Yoldan.txt;Y;Zarema Şirinskaya;Zarema Şirinskaya;0.55;LOW;NO;
crh_lt;Memet Niyazi - Tatar Barmı Dep Sorağanlarğa;sLQWLgXvfwa7kHzj5nRF0d;Gülizar Ümerova (Uzunlar, 1915)-Tatar barmı dep kim soray (halq icrası);scripts/lyrics_crh_lt/Memet Niyazi - Tatar Barmı Dep Sorağanlarğa.txt;Y;Halq icrası;Halq icrası;0.55;LOW;NO;
crh_lt;Unknown - Şu Yalta'dan Taş Yükledim;Wbrz1sFnlQxjWWYqjdiWLx;Nuran Taş-Şu Yaltadan;scripts/lyrics_crh_lt/Unknown - Şu Yalta'dan Taş Yükledim.txt;Y;Diger;Diger;0.5;LOW;YES;2/2
crh_lt;Crimean Tatar Folk - Bahchalarda kestane Багъчаларда кестане;FHqDEt03ClE1gnZUZYDV4H;Marlen Settarov-Bağçalarda kestane;scripts/lyrics_crh_lt/Crimean Tatar Folk - Bahchalarda kestane Багъчаларда кестане.txt;Y;Marlen Settarov;Marlen Settarov;0.58;LOW;NO;
crh_lt;Unknown - Tavğa bardım;GCDwfFXydasnBLWDhaRuo3;Reyana Kadırova-Tavğa bardım;scripts/lyrics_crh_lt/Unknown - Tavğa bardım.txt;Y;Reyana Kadırova;Reyana Kadırova;0.6;LOW;YES;2/2
crh_lt;Unknown - Sen eñ güzelsiñ;o2twQ8pzSouxeUE5zwVbsi;Aliye Cepparova-Sen eñ güzelsiñ;scripts/lyrics_crh_lt/Unknown - Sen eñ güzelsiñ.txt;Y;Aliye Cepparova;Aliye Cepparova;0.49;LOW;NO;
crh_lt;Unknown - Ногъай беитлери;jYAdwpgHywW67DUygYQRsd;Dilâver Osmanov-Noğay beyitleri;scripts/lyrics_crh_lt/Unknown - Ногъай беитлери.txt;Y;Dilâver Osmanov;Dilâver Osmanov;0.58;LOW;YES;4/4
crh_lt;National Anthems & Patriotic Songs - Crimean Tatars, Anthem of the - Ant Etkenmen;LpLHHslqaWKYOdYaBEOINu;Seytabla Memetov ve Dilâver Settarov-Ant etkenmen;scripts/lyrics_crh_lt/National Anthems & Patriotic Songs - Crimean Tatars, Anthem of the - Ant Etkenmen.txt;Y;Seytabla Memetov;Seytabla Memetov;0.46;LOW;NO;
crh_lt;Soviet Patriotic_Folk Songs - Порт-Артур;Rk5NVISZdbt6X9UtAktkKr;Destan-Port-Artur;scripts/lyrics_crh_lt/Soviet Patriotic_Folk Songs - Порт-Артур.txt;Y;Destan (Fevzi Aliyev);Destan (Fevzi Aliyev);0.51;LOW;NO;
qmusic;010 - GÜNAY – QIRIM QIZI;hxM0wtfRLjtPr6NuT0UpOR;Günay-Qırım qızı;scripts/lyrics_qmusic/010 - GÜNAY – QIRIM QIZI.txt;Y;Günay;Günay;0.57;LOW;YES;3/3
crh_lt;Karolina Cicha - Сыра-сыра джезвелер (Sira, sira djezveler);xBPCWnTtthIxgonYn0ZjoY;Elina Sosnovskaya - Sira-sira djezveler ;scripts/lyrics_crh_lt/Karolina Cicha - Сыра-сыра джезвелер (Sira, sira djezveler).txt;Y;Elina Sosnovskaya;Elina Sosnovskaya;0.59;LOW;NO;
crh_lt;Bekir Çoban-Zade - Tuvğan Til;yfy9V48JenOBhvTo3WhORV;Riza Yusuf-Tuvğan til;scripts/lyrics_crh_lt/Bekir Çoban-Zade - Tuvğan Til.txt;Y;Riza Yusuf;Riza Yusuf;0.57;LOW;NO;
qmusic;020 - On Eki De Ördek;7ShQKn3C2NMAul7kxwgkrP;İbrahim Dülger-On eki ördek;scripts/lyrics_qmusic/020 - On Eki De Ördek.txt;Y;Diger;Diger;0.53;LOW;YES;1/3
qmusic;064 - ON İKİ ÖRDEK;7ShQKn3C2NMAul7kxwgkrP;İbrahim Dülger-On eki ördek;scripts/lyrics_qmusic/064 - ON İKİ ÖRDEK.txt;Y;Diger;Diger;0.52;LOW;YES;2/3
qmusic;022 - Oneki de ördek;7ShQKn3C2NMAul7kxwgkrP;İbrahim Dülger-On eki ördek;scripts/lyrics_qmusic/022 - Oneki de ördek.txt;Y;Diger;Diger;0.5;LOW;YES;3/3
qmusic;045 - QINALI PARMAQ;EDNnIQ9jxKIzfHmYGPCdoG;Yıldız Ayhan-Qınalı parmaq;scripts/lyrics_qmusic/045 - QINALI PARMAQ.txt;Y;Yıldız Ayhan;Yıldız Ayhan;0.57;LOW;NO;
sattarov;Ягъма ягъмур;Li47oEUqTFWSNd7pEUmwij;Güneş-Yağma yağmur;scripts/lyrics_sattarov/Ягъма ягъмур.txt;Y;Güneş;Güneş;0.69;MEDIUM;NO;
sattarov;Чалбаш бора;pDnOcIaRyZFlzzl1eV4zGf;Güneş-Çalbaş bora;scripts/lyrics_sattarov/Чалбаш бора.txt;Y;Güneş;Güneş;0.67;MEDIUM;NO;
sattarov;ЧИП-ЧИП-ЧИПЧЕЛЕР;kcDvT4kSIRkPoQzshru2vw;Cipcelerim (Чипчелерим);scripts/lyrics_sattarov/ЧИП-ЧИП-ЧИПЧЕЛЕР.txt;Y;Bulbul Kids;Bulbul Kids;0.63;MEDIUM;NO;
qmusic;009 - GÜNAY – QIRIM DEP AYTALAR;pf1YHsdNkKd4w9lVlLsW8r;Günay-Qırım dep aytalar;scripts/lyrics_qmusic/009 - GÜNAY – QIRIM DEP AYTALAR.txt;Y;Günay;Günay;0.78;MEDIUM;YES;1/2
sattarov;Эки де чомакъ баласын;8d32xoKpTHpNMtoxo1L2GD;Aqyar-Eki çomaq balası;scripts/lyrics_sattarov/Эки де чомакъ баласын.txt;Y;Aqyar;Aqyar;0.73;MEDIUM;YES;1/2
sattarov;Язгъа чыкъсам;7QOyTPrc928mFTsjTE4u9J;Yeşil Ada-Yazğa çıqsam;scripts/lyrics_sattarov/Язгъа чыкъсам.txt;Y;Yeşil Ada;Yeşil Ada;0.61;MEDIUM;NO;
sattarov;Эминем;t8wD98Xi336YMq7btKhdIV;Günay-Eminem;scripts/lyrics_sattarov/Эминем.txt;Y;Günay;Günay;0.71;MEDIUM;NO;
qmusic;012 - DESTAN - чимчарай;VAgsa3obVnpe24B94xLas1;Destan-Çimçaray;scripts/lyrics_qmusic/012 - DESTAN - чимчарай.txt;Y;Destan (Fevzi Aliyev);Destan (Fevzi Aliyev);0.73;MEDIUM;YES;1/2
sattarov;Эки чешме;LrdRCq4YoGMj12PkwmNy9l;Minus-Eki çeşme;scripts/lyrics_sattarov/Эки чешме.txt;Y;Diger;Diger;0.61;MEDIUM;NO;
sattarov;Ах джаным Эльмаз;8d3sIiZUWGPElgD6g7USgt;Zamir Osanov-Ah canım, Elmaz;scripts/lyrics_sattarov/Ах джаным Эльмаз.txt;Y;Zamir Osanov;Zamir Osanov;0.7;MEDIUM;NO;
crh_lt;Elnara Küçük - Bu közler;YhrYXZDFzOn9UHKOQPfVC5;Elnara Küçük-Bu közler;scripts/lyrics_crh_lt/Elnara Küçük - Bu közler.txt;Y;Elnara Küçük;Elnara Küçük;0.79;MEDIUM;YES;1/2
crh_lt;Aliye Yakubova - Yağma Yağmur Ягъма ягъмур;4AfoNvg4nGyVtH8mxXWgD2;Aliye Yakubova-Yağma yağmur;scripts/lyrics_crh_lt/Aliye Yakubova - Yağma Yağmur Ягъма ягъмур.txt;Y;Aliye Hacabadinova;Aliye Hacabadinova;0.73;MEDIUM;NO;
crh_lt;Karolina Cicha - Эй, Гюзел Къырым;syLe88xHlSj92jUoAF5GVQ;Panair-Ey, güzel Qırım!;scripts/lyrics_crh_lt/Karolina Cicha - Эй, Гюзел Къырым.txt;Y;Panair;Panair;0.72;MEDIUM;NO;
crh_lt;Aliye Yakubova - Altın Yüzük Алтын юзюк;5PQJVbJetpWEsYozwpfZp3;Aliye Yakubova-Altın yüzük;scripts/lyrics_crh_lt/Aliye Yakubova - Altın Yüzük Алтын юзюк.txt;Y;Aliye Hacabadinova;Aliye Hacabadinova;0.78;MEDIUM;NO;
crh_lt;Samida - Yosmam;LeGdtvjvQY1djHF4wmZR0t;Zarema Hanum-Yosmam;scripts/lyrics_crh_lt/Samida - Yosmam.txt;Y;Zarema Hanum;Zarema Hanum;0.65;MEDIUM;NO;
crh_lt;Crimean Tatar Folk - Ey Güzel Qırım;sL686zXURXwDmarRqdyBFv;Şükriye Tutkun-Ey, güzel Qırım!;scripts/lyrics_crh_lt/Crimean Tatar Folk - Ey Güzel Qırım.txt;Y;Şükriye Tutkun;Şükriye Tutkun;0.66;MEDIUM;YES;1/2
crh_lt;Crimean Tatar Folk - Guzel Kırım (Гузель Къырым);sL686zXURXwDmarRqdyBFv;Şükriye Tutkun-Ey, güzel Qırım!;scripts/lyrics_crh_lt/Crimean Tatar Folk - Guzel Kırım (Гузель Къырым).txt;Y;Şükriye Tutkun;Şükriye Tutkun;0.6;MEDIUM;YES;2/2
crh_lt;Unknown - Elimdeki Kemane;JKK7QsAEV771kaq5k1ZKxk;Anara-Elimdeki kemane;scripts/lyrics_crh_lt/Unknown - Elimdeki Kemane.txt;Y;Anara;Anara;0.74;MEDIUM;NO;
crh_lt;Unknown - Men Anamdan Qalğanda;00LP9bGGDyR2e2IpThNo8W;Ankara Haytarma Band-Men anamdan qalğanda;scripts/lyrics_crh_lt/Unknown - Men Anamdan Qalğanda.txt;Y;Ankara Haytarma Band;Ankara Haytarma Band;0.65;MEDIUM;NO;
crh_lt;Unknown - Kim, eger biz degil_;ySBrAzJp5XqUCRIPwb5zBd;Seyran 7'62-Kim eger biz degil (Ringtone);scripts/lyrics_crh_lt/Unknown - Kim, eger biz degil_.txt;Y;Ringtones;Ringtones;0.63;MEDIUM;NO;
crh_lt;Unknown - Дагъдан энди бир къозу;E1h8xwJwLqdmDDgfvskLWT;Susanna Memetova-Dağdan endi bir qozu;scripts/lyrics_crh_lt/Unknown - Дагъдан энди бир къозу.txt;Y;Susanna Memetova;Susanna Memetova;0.72;MEDIUM;NO;
crh_lt;Unknown - Ey, güzel Qırım;838zVignehi7gG5niC182o;Günay-Ey, güzel Qırım!;scripts/lyrics_crh_lt/Unknown - Ey, güzel Qırım.txt;Y;Günay;Günay;0.73;MEDIUM;YES;1/2
crh_lt;Unknown - Ey Güzel Kırım;838zVignehi7gG5niC182o;Günay-Ey, güzel Qırım!;scripts/lyrics_crh_lt/Unknown - Ey Güzel Kırım.txt;Y;Günay;Günay;0.68;MEDIUM;YES;2/2
crh_lt;Unknown - Qırım. Vatan. Millet;gQtFXVVppVttRFVhBjhPaR;SEYRAN762  - QrmVatanMillet;scripts/lyrics_crh_lt/Unknown - Qırım. Vatan. Millet.txt;Y;Seyran 7'62;Seyran 7'62;0.64;MEDIUM;NO;
crh_lt;Unknown - Tek seni seveyim;iu5GdgDsl2rsnqJeKdBUTe;Zera Kenjikayeva-Tek seni seveyim;scripts/lyrics_crh_lt/Unknown - Tek seni seveyim.txt;Y;Zera Kenjikayeva;Zera Kenjikayeva;0.64;MEDIUM;NO;
crh_lt;Crimean Tatar Folk - Seyt Osman Saray Saldırğan;HsiU8dF69bjScSJ3hcCNr0;Yırlağan Til-Seyt-Osman saray saldırğan;scripts/lyrics_crh_lt/Crimean Tatar Folk - Seyt Osman Saray Saldırğan.txt;Y;Yırlağan Til;Yırlağan Til;0.73;MEDIUM;NO;
crh_lt;Unknown - Men anamnıñ bir qızı edim;lpG3neijGiUsGlWeJXkqbO;Anara-Men anamnıñ bir qızı edim;scripts/lyrics_crh_lt/Unknown - Men anamnıñ bir qızı edim.txt;Y;Anara;Anara;0.79;MEDIUM;NO;
crh_lt;Crimean Tatar Folk - Шу Ялтадан;Wbrz1sFnlQxjWWYqjdiWLx;Nuran Taş-Şu Yaltadan;scripts/lyrics_crh_lt/Crimean Tatar Folk - Шу Ялтадан.txt;Y;Diger;Diger;0.64;MEDIUM;YES;1/2
crh_lt;Rustem Memetov - Üskütniñ Dağları(Уськютнинъ дагълары);glDFD5HW7Q9sc1I3Vk2Rb4;Rustem Memetov-Üskütniñ dağları;scripts/lyrics_crh_lt/Rustem Memetov - Üskütniñ Dağları(Уськютнинъ дагълары).txt;Y;Rustem Memetov;Rustem Memetov;0.77;MEDIUM;NO;
crh_lt;Unknown - biz qırım dan çıqqanda;s7Svm8Tp83MpEFZn9JX6OG;Revan-Biz Qırımdan çıqqanda;scripts/lyrics_crh_lt/Unknown - biz qırım dan çıqqanda.txt;Y;Diger;Diger;0.75;MEDIUM;NO;
crh_lt;Güzel - Melegimsiñ мелегимсинъ;OPTvKKXAxxqzUroogUP0lw;Güzel-Melegimsiñ;scripts/lyrics_crh_lt/Güzel - Melegimsiñ мелегимсинъ.txt;Y;Güzel;Güzel;0.62;MEDIUM;NO;
qmusic;008 - GÜZEL – YEL OLSAM;1pP6WjuAHt6rFapxmAO4nk;Güzel-Yel olsam;scripts/lyrics_qmusic/008 - GÜZEL – YEL OLSAM.txt;Y;Güzel;Güzel;0.79;MEDIUM;YES;2/2
qmusic;026 - NOĞAY BEYİTLERİ-3;jYAdwpgHywW67DUygYQRsd;Dilâver Osmanov-Noğay beyitleri;scripts/lyrics_qmusic/026 - NOĞAY BEYİTLERİ-3.txt;Y;Dilâver Osmanov;Dilâver Osmanov;0.6;MEDIUM;YES;1/4
qmusic;027 - NOĞAY BEYİTLERİ-4;jYAdwpgHywW67DUygYQRsd;Dilâver Osmanov-Noğay beyitleri;scripts/lyrics_qmusic/027 - NOĞAY BEYİTLERİ-4.txt;Y;Dilâver Osmanov;Dilâver Osmanov;0.6;MEDIUM;YES;2/4
qmusic;025 - NOĞAY BEYİTLERİ-2;jYAdwpgHywW67DUygYQRsd;Dilâver Osmanov-Noğay beyitleri;scripts/lyrics_qmusic/025 - NOĞAY BEYİTLERİ-2.txt;Y;Dilâver Osmanov;Dilâver Osmanov;0.6;MEDIUM;YES;3/4
crh_lt;Tatar Folk - Bağçalarda kestane;X14AIPBEAvznoNss33ipXa;Belbek-Bağçalarda kestane;scripts/lyrics_crh_lt/Tatar Folk - Bağçalarda kestane.txt;Y;Belbek;Belbek;0.68;MEDIUM;NO;
crh_lt;Güzel - Ayt, canım Айт джаным;wpUNvN5Per13aQfX8G4JSS;Güzel-Ayt, canım;scripts/lyrics_crh_lt/Güzel - Ayt, canım Айт джаным.txt;Y;Güzel;Güzel;0.67;MEDIUM;NO;
crh_lt;Sergey Kutanin - Ey, Güzel Qırım;zKfiMnXSBgzCrMBQMBI5Qt;Pervan-Ey, güzel Qırım!;scripts/lyrics_crh_lt/Sergey Kutanin - Ey, Güzel Qırım.txt;Y;Diger;Diger;0.69;MEDIUM;NO;
crh_lt;Unknown - Qırım Qızı;hxM0wtfRLjtPr6NuT0UpOR;Günay-Qırım qızı;scripts/lyrics_crh_lt/Unknown - Qırım Qızı.txt;Y;Günay;Günay;0.73;MEDIUM;YES;1/3
qmusic;054 - Къырым къызы;hxM0wtfRLjtPr6NuT0UpOR;Günay-Qırım qızı;scripts/lyrics_qmusic/054 - Къырым къызы.txt;Y;Günay;Günay;0.69;MEDIUM;YES;2/3
crh_lt;Güzel - Zumrut зумрут;tHeFX7jzqp0ahbNFgNpbj9;Güzel-Zumrut;scripts/lyrics_crh_lt/Güzel - Zumrut зумрут.txt;Y;Güzel;Güzel;0.67;MEDIUM;NO;
crh_lt;Crimean Tatar Folk - Port Arthur;hvTwVOHKoT9nrpEXJJC8ZW;Qirim Yankisi - Порт-Артур;scripts/lyrics_crh_lt/Crimean Tatar Folk - Port Arthur.txt;Y;Qırım Yankısı;Qırım Yankısı;0.6;MEDIUM;NO;
qmusic;014 - ._ЯЛАН СЁЗЛЕР_;H8X8b3C7hFaM1SSRB9tFpl;Reana Tarkova-Yalan sözler;scripts/lyrics_qmusic/014 - ._ЯЛАН СЁЗЛЕР_.txt;Y;Reana Tarkova;Reana Tarkova;0.62;MEDIUM;NO;
qmusic;056 - EM SEVERSİÑ;c5B9Hm9PmMLqm5G0El2l2J;Minaret-Em seversiñ;scripts/lyrics_qmusic/056 - EM SEVERSİÑ.txt;Y;Minaret;Minaret;0.61;MEDIUM;YES;1/2
qmusic;058 - Em Seversiñ;c5B9Hm9PmMLqm5G0El2l2J;Minaret-Em seversiñ;scripts/lyrics_qmusic/058 - Em Seversiñ.txt;Y;Minaret;Minaret;0.61;MEDIUM;YES;2/2
qmusic;042 - Танъ йылдызы;XKewcUx99CsywKUnLSLETt;Esma-Tañ yıldızı;scripts/lyrics_qmusic/042 - Танъ йылдызы.txt;Y;Esma;Esma;0.67;MEDIUM;NO;
qmusic;034 - Mina selâm aleyküm;PGrrnzje1s0BnVsOeKDbZR;Qirim Yankisi - Mina selâm aleykum;scripts/lyrics_qmusic/034 - Mina selâm aleyküm.txt;Y;Qırım Yankısı;Qırım Yankısı;0.64;MEDIUM;NO;
qmusic;013 - Destan - Ай чалашым;AWM9y6YSOssXvSALNLeTH3;Destan-Ay, çalaşım;scripts/lyrics_qmusic/013 - Destan - Ай чалашым.txt;Y;Destan (Fevzi Aliyev);Destan (Fevzi Aliyev);0.76;MEDIUM;NO;
qmusic;041 - Ay, oğlan, tatarmısın_;A3f1dv2DysFLeFeJcUDxux;Emine Koç-Ay, oğlan, tatarmısıñ;scripts/lyrics_qmusic/041 - Ay, oğlan, tatarmısın_.txt;Y;Dilâra Emirüseinova;Dilâra Emirüseinova;0.75;MEDIUM;NO;
qmusic;060 - EDİP ASANOV - MEYHANECİ;K2wYGgmCUkeZti3VrovfQO;Edip Bağçasaraylı-Meyhaneci;scripts/lyrics_qmusic/060 - EDİP ASANOV - MEYHANECİ.txt;Y;Edip Bağçasaraylı;Edip Bağçasaraylı;0.67;MEDIUM;NO;
qmusic;055 - Он секиз майыс геджесинде эмир окъулды,;3iZFE4KZrVmKxTDr70u8TH;Alim Osmanov-On sekiz mayıs gecesinde (eski);scripts/lyrics_qmusic/055 - Он секиз майыс геджесинде эмир окъулды,.txt;Y;Alim Osmanov (Qara Deñiz);Alim Osmanov (Qara Deñiz);0.69;MEDIUM;NO;
qmusic;029 - Arabası tınğırday;1BqfSH8X7za3hJT72PksJ9;Destan-Arabası tıñqırday;scripts/lyrics_qmusic/029 - Arabası tınğırday.txt;Y;Destan (Fevzi Aliyev);Destan (Fevzi Aliyev);0.73;MEDIUM;NO;
crh_lt;Emine Mustafayeva - Вай дили дили;cFnBtIVmpOGNfaINu2nykn;Emine Mustafayeva-Alim;scripts/lyrics_crh_lt/Emine Mustafayeva - Вай дили дили.txt;N;Emine Mustafayeva;Emine Mustafayeva;0.87;HIGH;NO;
crh_lt;Afize Kassara - Tatarlığım;lFZUScB50xCl1hfERr8OfV;Afize Kassara-Elmalım;scripts/lyrics_crh_lt/Afize Kassara - Tatarlığım.txt;N;Afize Kassara;Afize Kassara;0.87;HIGH;YES;2/2
crh_lt;Aliye Bekirova - Deñiz Yanında;LtuCcizsX76rmeZLrE97li;Алие Бекирова - Янымда ол;scripts/lyrics_crh_lt/Aliye Bekirova - Deñiz Yanında.txt;N;Aliye Bekirova;Aliye Bekirova;0.87;HIGH;YES;1/2
crh_lt;Aliye Bekirova - Amanım Yarım;LtuCcizsX76rmeZLrE97li;Алие Бекирова - Янымда ол;scripts/lyrics_crh_lt/Aliye Bekirova - Amanım Yarım.txt;N;Aliye Bekirova;Aliye Bekirova;0.85;HIGH;YES;2/2
crh_lt;Halisa Ablayeva - Vatanım Ватаным;OJam5rUeO612XKAMMekRmR;Halisa Ablayeva-Ana-baba;scripts/lyrics_crh_lt/Halisa Ablayeva - Vatanım Ватаным.txt;N;Halisa Ablayeva;Halisa Ablayeva;0.82;HIGH;NO;
crh_lt;Jamala - ALIM;EFqrDwEvcJi77xOXQi4dtD;Jamala-Alas;scripts/lyrics_crh_lt/Jamala - ALIM.txt;N;Jamala;Jamala;0.86;HIGH;YES;1/4
crh_lt;Arsen Bekirov - Tabi güzelim;RBtfiucNCOANzaUmuhtu1q;Arsen Bekirov-Oyna güzel;scripts/lyrics_crh_lt/Arsen Bekirov - Tabi güzelim.txt;N;Arsen Bekirov;Arsen Bekirov;0.88;HIGH;NO;
crh_lt;Elzara Batalova - Qalaylı Qazan;hgH1oJkQJzdnvRSGEwwwaK;Elzara Batalova-Ялта;scripts/lyrics_crh_lt/Elzara Batalova - Qalaylı Qazan.txt;N;Elzara Batalova;Elzara Batalova;0.83;HIGH;NO;
crh_lt;Jamala - GİDER İSEÑ;vrGXS2rgvzRDDriWuis5QX;Jamala-Gopher (Live);scripts/lyrics_crh_lt/Jamala - GİDER İSEÑ.txt;N;Jamala;Jamala;0.81;HIGH;NO;
crh_lt;Emine Mustafayeva - Тавгъа бардым;YOT6RJyDGkZdqxP4g2orYT;Emine Mustafayeva-Vatan yırı;scripts/lyrics_crh_lt/Emine Mustafayeva - Тавгъа бардым.txt;N;Emine Mustafayeva;Emine Mustafayeva;0.87;HIGH;YES;2/2
crh_lt;Raziye Seytablayeva - Ana Vatanım;Br05gLjwIdtg0NVyS4xd1b;Raziye Seytablayeva-Anam;scripts/lyrics_crh_lt/Raziye Seytablayeva - Ana Vatanım.txt;N;Raziye Seytablayeva;Raziye Seytablayeva;0.95;HIGH;NO;
qmusic;052 - EMİNE MUSTAFAYEVA - DOSTUM;KRXr4Erom5DpsEGQ8aNCkR;Emine Mustafayeva-Dostum;scripts/lyrics_qmusic/052 - EMİNE MUSTAFAYEVA - DOSTUM.txt;N;Emine Mustafayeva;Emine Mustafayeva;1;HIGH;YES;2/2
crh_lt;Emine Mustafayeva - Üç gögercin;jScmhV8Lhs2kGDBs9yLD2w;Emine Mustafayeva-Yaz keçti;scripts/lyrics_crh_lt/Emine Mustafayeva - Üç gögercin.txt;N;Emine Mustafayeva;Emine Mustafayeva;0.86;HIGH;NO;
sattarov;Ялта;D2tdzD1fiyJG4SLAY0Nrty;Hayat-Linda;scripts/lyrics_sattarov/Ялта.txt;N;Hayat;Hayat;0.53;LOW;YES;2/2
sattarov;ХАЙДЕ СОЙЛЕ;0nfMgOW4Wusg3dF1FBQJe7;Hayat-Söyle, dohtur;scripts/lyrics_sattarov/ХАЙДЕ СОЙЛЕ.txt;N;Hayat;Hayat;0.57;LOW;NO;
sattarov;Янгъызлыкъ ярасы;gtNA5UCdUvP9n3eGGfxS8M;Vetan-Kezlev haytarması;scripts/lyrics_sattarov/Янгъызлыкъ ярасы.txt;N;Vetan;Vetan;0.58;LOW;NO;
sattarov;ЧЫРПЫНЫРДЫ  КАРА  ДЕНИЗ;ZpEG5hBBa93omxSYN55ir5;Dilâver Osmanov-Qara deñiz;scripts/lyrics_sattarov/ЧЫРПЫНЫРДЫ  КАРА  ДЕНИЗ.txt;N;Dilâver Osmanov;Dilâver Osmanov;0.52;LOW;NO;
sattarov;ХОШ КЕЛЬДИНЪИЗ ЭВИМЕ;i5b4eLuG6v33pHflrCAUdH;Balalar-Hoş keldiñiz;scripts/lyrics_sattarov/ХОШ КЕЛЬДИНЪИЗ ЭВИМЕ.txt;N;Balalar;Balalar;0.59;LOW;NO;
sattarov;Чакъырджы да дагъдан энеюр;pf1YHsdNkKd4w9lVlLsW8r;Günay-Qırım dep aytalar;scripts/lyrics_sattarov/Чакъырджы да дагъдан энеюр.txt;N;Günay;Günay;0.48;LOW;YES;2/2
sattarov;Шемсие;A62WvFVrWxUfYxsACEbl45;Destan-Anife;scripts/lyrics_sattarov/Шемсие.txt;N;Destan (Fevzi Aliyev);Destan (Fevzi Aliyev);0.47;LOW;NO;
crh_lt;Bekir Çoban-Zade - İşçi Balası;8d32xoKpTHpNMtoxo1L2GD;Aqyar-Eki çomaq balası;scripts/lyrics_crh_lt/Bekir Çoban-Zade - İşçi Balası.txt;N;Aqyar;Aqyar;0.54;LOW;YES;2/2
sattarov;Эминем мантар топлайыр;o14TTeVL1WJBMqV3UmNZau;Emine Mustafayeva-Yollar;scripts/lyrics_sattarov/Эминем мантар топлайыр.txt;N;Emine Mustafayeva;Emine Mustafayeva;0.58;LOW;NO;
sattarov;ТАТАРЛАРНЫНЪ  АШЛАРЫ;Di79YnZYoIEDE2N4rk2h3e;Lâle-Dağlarnıñ yolları;scripts/lyrics_sattarov/ТАТАРЛАРНЫНЪ  АШЛАРЫ.txt;N;Lâle;Lâle;0.56;LOW;NO;
sattarov;Чуфут Къызы;j0bnIIpbfUCMRtbWX2lqz5;Nilüfer-Uç quşçığım;scripts/lyrics_sattarov/Чуфут Къызы.txt;N;Balalar;Balalar;0.5;LOW;NO;
sattarov;Шу Къавказ;0OwMtmtuXZ1xvjN7pnrs2A;Minus-Dertli qaval;scripts/lyrics_sattarov/Шу Къавказ.txt;N;Diger;Diger;0.46;LOW;NO;
sattarov;Чагъыр мени гузелим;T4p705EanJ4Q4T7ksGzrkY;Azim-Ey, güzel Qırım!;scripts/lyrics_sattarov/Чагъыр мени гузелим.txt;N;Azim;Azim;0.56;LOW;NO;
sattarov;Чал атымнынъ тырнагъы;fZsobUwKV3CwYtIeV2kqGO;Salaçıq-Bizim taraf;scripts/lyrics_sattarov/Чал атымнынъ тырнагъы.txt;N;Salaçıq;Salaçıq;0.49;LOW;NO;
sattarov;Эп бир;Yfb4R4fpAkk7L24x313yKe;Sevinch - Birdanem ;scripts/lyrics_sattarov/Эп бир.txt;N;[Unknown Artist];[Unknown Album];0.45;LOW;NO;
sattarov;Эм северсинъ эм севмезсинъ;WuJfUPlL3TBXouLctH04F2;Emiliya Ablayeva-Severim seni;scripts/lyrics_sattarov/Эм северсинъ эм севмезсинъ.txt;N;Emiliya Ablayeva;Emiliya Ablayeva;0.54;LOW;NO;
sattarov;Чынъ;MACy2GnqlDlLBADvcv0MzK;Ayuvciq (Аювчыкъ);scripts/lyrics_sattarov/Чынъ.txt;N;Bulbul Kids;Bulbul Kids;0.22;LOW;NO;
sattarov;Чыбын;lGGzZw92b6Ad7y4XFbpI7R;Чайхана;scripts/lyrics_sattarov/Чыбын.txt;N;Nazife Reizova;Nazife Reizova ve Emine Ziadin;0.33;LOW;NO;
crh_lt;Crimean Tatar Folk - Canay;mHFWoREf2GbAIDEKh0f1OB;Enver İzmaylov-Crimean Tatar Funk;scripts/lyrics_crh_lt/Crimean Tatar Folk - Canay.txt;N;Enver İzmaylov;Enver İzmaylov;0.57;LOW;YES;1/5
crh_lt;Crimean Tatar Folk - Джанай;mHFWoREf2GbAIDEKh0f1OB;Enver İzmaylov-Crimean Tatar Funk;scripts/lyrics_crh_lt/Crimean Tatar Folk - Джанай.txt;N;Enver İzmaylov;Enver İzmaylov;0.57;LOW;YES;2/5
crh_lt;The Lion King (OST) - Hakuna Matata (Crimean Tatar);mHFWoREf2GbAIDEKh0f1OB;Enver İzmaylov-Crimean Tatar Funk;scripts/lyrics_crh_lt/The Lion King (OST) - Hakuna Matata (Crimean Tatar).txt;N;Enver İzmaylov;Enver İzmaylov;0.47;LOW;YES;3/5
crh_lt;The Lion King (OST) - Can you feel the love tonight (Crimean Tatar);mHFWoREf2GbAIDEKh0f1OB;Enver İzmaylov-Crimean Tatar Funk;scripts/lyrics_crh_lt/The Lion King (OST) - Can you feel the love tonight (Crimean Tatar).txt;N;Enver İzmaylov;Enver İzmaylov;0.45;LOW;YES;4/5
crh_lt;Mulan (OST) - Senden er asker yapacam [I’ll Make A Man Out Of You (Crimean Tatar)];mHFWoREf2GbAIDEKh0f1OB;Enver İzmaylov-Crimean Tatar Funk;scripts/lyrics_crh_lt/Mulan (OST) - Senden er asker yapacam [I’ll Make A Man Out Of You (Crimean Tatar)].txt;N;Enver İzmaylov;Enver İzmaylov;0.42;LOW;YES;5/5
crh_lt;Tatar Folk - Çıñ;0NCTfYAZ99l312ZYxkEgKk;Qırımtatar Folk Toplulığı-Elvida;scripts/lyrics_crh_lt/Tatar Folk - Çıñ.txt;N;Diger;Diger;0.53;LOW;NO;
crh_lt;Şakir Selim - Türkiyede Yaşağan Yurtdaşlarıma;Pt5qbzX7mC10xpYTE8WoMi;Eldar Seytablayev-Yalan aytma;scripts/lyrics_crh_lt/Şakir Selim - Türkiyede Yaşağan Yurtdaşlarıma.txt;N;Eldar Seytablayev;Eldar Seytablayev;0.48;LOW;NO;
crh_lt;Elnara Küçük - Aşıq oldım;byaULHd7X8PSZ4LGy8G46W;Elnara Küçük-Ayatım;scripts/lyrics_crh_lt/Elnara Küçük - Aşıq oldım.txt;N;Elnara Küçük;Elnara Küçük;0.59;LOW;YES;2/2
crh_lt;Bekir Çoban-Zade - Tatar tügülmen, degenlerge!;Gq59dm1IQIotIkiU61Sx0p;Bekir Adilov-Buña Yeşil Ada derler;scripts/lyrics_crh_lt/Bekir Çoban-Zade - Tatar tügülmen, degenlerge!.txt;N;Bekir Adilov;Bekir Adilov;0.49;LOW;NO;
crh_lt;Şakir Selim - Tuvğan tilim! Ana tilim! Kene yaşa!;iuYEkPDfje3OecEbB6L2Id;Nariman Balich, Elzara Batalova - Kele Bahar;scripts/lyrics_crh_lt/Şakir Selim - Tuvğan tilim! Ana tilim! Kene yaşa!.txt;N;Nariman Baliç;Nariman Baliç;0.52;LOW;NO;
crh_lt;Tangled (OST) - I See The Light (Crimean Tatar);Y2dQUp2UTvRzsfSTHWVxiR;Asiye Saale - Voyaj (Voyage Crimean Tatar cover);scripts/lyrics_crh_lt/Tangled (OST) - I See The Light (Crimean Tatar).txt;N;Asiye Saale;Asiye Saale;0.49;LOW;YES;1/2
crh_lt;The Lion King (OST) - Be prepared (Crimean Tatar);Y2dQUp2UTvRzsfSTHWVxiR;Asiye Saale - Voyaj (Voyage Crimean Tatar cover);scripts/lyrics_crh_lt/The Lion King (OST) - Be prepared (Crimean Tatar).txt;N;Asiye Saale;Asiye Saale;0.46;LOW;YES;2/2
crh_lt;Unknown - Sen de meni yahşı söznen añasıñmı_;dhS1uQXKveurtFvwiPksnz;Minus-On sekizge keldi yaşım;scripts/lyrics_crh_lt/Unknown - Sen de meni yahşı söznen añasıñmı_.txt;N;Diger;Diger;0.47;LOW;NO;
crh_lt;Unknown - Kelin;NFJltJS3eNrhLyKqZvfx2v;Güneş-O közleriñ;scripts/lyrics_crh_lt/Unknown - Kelin.txt;N;Güneş;Güneş;0.57;LOW;NO;
crh_lt;Bekir Çoban-Zade - Yaz Talası;8j3qHZoHco75lbeG6fw50K;Sakine Nalbantova-Evel baar yaz ayları;scripts/lyrics_crh_lt/Bekir Çoban-Zade - Yaz Talası.txt;N;Sakine Nalbantova;Sakine Nalbantova;0.54;LOW;NO;
crh_lt;Glen Hansard - Take Heart;9CRvj7OsPTjZxXJCl74cCT;Emine Kasarayeva-Kim arar;scripts/lyrics_crh_lt/Glen Hansard - Take Heart.txt;N;Emine Kasarayeva;Emine Kasarayeva;0.51;LOW;NO;
crh_lt;Bekir Çoban-Zade - Ana Tilim;VZwONLFilH9ugS4zMkDxjJ;Bekir Adilov-Sevimli anam;scripts/lyrics_crh_lt/Bekir Çoban-Zade - Ana Tilim.txt;N;Bekir Adilov;Bekir Adilov;0.57;LOW;YES;1/2
crh_lt;Bekir Çoban-Zade - Qarı Ana;VZwONLFilH9ugS4zMkDxjJ;Bekir Adilov-Sevimli anam;scripts/lyrics_crh_lt/Bekir Çoban-Zade - Qarı Ana.txt;N;Bekir Adilov;Bekir Adilov;0.54;LOW;YES;2/2
crh_lt;Unknown Artist (Crimean Tatar) - Oneki de ordek;LZ7jNSoUvwQa9nAUvyUHfZ;Nariman Balich - Quslar Avada (feat. Asiye Saale) ;scripts/lyrics_crh_lt/Unknown Artist (Crimean Tatar) - Oneki de ordek.txt;N;[Unknown Artist];[Unknown Album];0.49;LOW;YES;1/2
crh_lt;Anthems of the Eastern Bloc and Yugoslavia - Anthem of the Crimean Autonomous SSR - Къызыл Аскер Маршы (Qızıl Asker Marşı);LZ7jNSoUvwQa9nAUvyUHfZ;Nariman Balich - Quslar Avada (feat. Asiye Saale) ;scripts/lyrics_crh_lt/Anthems of the Eastern Bloc and Yugoslavia - Anthem of the Crimean Autonomous SSR - Къызыл Аскер Маршы (Qızıl Asker Marşı).txt;N;[Unknown Artist];[Unknown Album];0.35;LOW;YES;2/2
crh_lt;Ivanka Chervinska - Dohtur Civanım;u0FkTKXV7iioToi3b2sD2T;Ankara Haytarma Band-Tım-tım;scripts/lyrics_crh_lt/Ivanka Chervinska - Dohtur Civanım.txt;N;Ankara Haytarma Band;Ankara Haytarma Band;0.52;LOW;NO;
crh_lt;The Lion King (OST) - Мен азырым къырал олмагъа _ Men azırım qıral olmağa [I Just Can't Wait to be King];2j6wd9zwh1zYQ9pBIkpot5;Cezair ve Rasim Kurtiyev-Toy olsun, bayram olsun (Crimean song);scripts/lyrics_crh_lt/The Lion King (OST) - Мен азырым къырал олмагъа _ Men azırım qıral olmağa [I Just Can't Wait to be King].txt;N;Cezair;Cezair;0.36;LOW;NO;
crh_lt;Unknown - Джанай;Rwoo3SmzBhkG2Rv0COdsYU;Yalçın Faik-Al qoyan canay;scripts/lyrics_crh_lt/Unknown - Джанай.txt;N;Yalçın Faik;Yalçın Faik;0.53;LOW;YES;1/2
crh_lt;Bekir Çoban-Zade - Til Ükü;PrD4hZs1dVwL6KLlcXPiF6;Dilâver Osmanov-Badem terek;scripts/lyrics_crh_lt/Bekir Çoban-Zade - Til Ükü.txt;N;Dilâver Osmanov;Dilâver Osmanov;0.49;LOW;NO;
crh_lt;The Lord's Prayer - Бизим Коклердеки Бабамыз;zvkar3WqNeMdIF1EbMQssu;Elnara Küçük-Közleri aldatmaz;scripts/lyrics_crh_lt/The Lord's Prayer - Бизим Коклердеки Бабамыз.txt;N;Elnara Küçük;Elnara Küçük;0.46;LOW;NO;
crh_lt;Edvin Eddy - Yarem sensiñ;YCshUPFtK4THK4COkYwN65;Marlen Settarov-Körem seni;scripts/lyrics_crh_lt/Edvin Eddy - Yarem sensiñ.txt;N;Marlen Settarov;Marlen Settarov;0.54;LOW;NO;
crh_lt;Unknown - Boysunmağan;5PGXGHhxDnJnXMhv4qj2cI;Yalçın Faik-Yol boyunda;scripts/lyrics_crh_lt/Unknown - Boysunmağan.txt;N;Yalçın Faik;Yalçın Faik;0.49;LOW;NO;
crh_lt;Eşref Şemizade - Közyaş Divar;6B65UGLV0nq6dMFwZC4Nsu;Ernes Emirasanov-Meni yaqma;scripts/lyrics_crh_lt/Eşref Şemizade - Közyaş Divar.txt;N;Ernes Emirasanov;Ernes Emirasanov;0.49;LOW;NO;
crh_lt;National Anthems & Patriotic Songs - Crimean People's Republic, National Anthem of (1917~1918) - Ant etkenmen;qcZqZ7JyfRbDJDlLkEwnyF;Qırım Halqınıñ Milliy Marşı-Crimean's National Anthem;scripts/lyrics_crh_lt/National Anthems & Patriotic Songs - Crimean People's Republic, National Anthem of (1917~1918) - Ant etkenmen.txt;N;Gimn;Gimn;0.39;LOW;NO;
crh_lt;Arslanbek Sultanbekov - Родина;fGLcd5PdrXaw1OUjalDwEo;Ruslan Arslanbekov-Sultaniye;scripts/lyrics_crh_lt/Arslanbek Sultanbekov - Родина.txt;N;Ruslan Arslanbekov;Ruslan Arslanbekov;0.58;LOW;NO;
crh_lt;Mulan (OST) - Neci var karşımda yol alan [Reflection];0qUYVMvXMxrGdqUHbtVYUM;Mamet Kharkhara - Baydarava yollari;scripts/lyrics_crh_lt/Mulan (OST) - Neci var karşımda yol alan [Reflection].txt;N;Mamet Kharkhara;Mamet Kharkhara;0.47;LOW;NO;
crh_lt;Soviet Patriotic_Folk Songs - Шеитлернинъ Хатрына;SJ03NYuYQO7CCtVTyztYSD;Server Kakura-Totayköy horanı ve haytarma;scripts/lyrics_crh_lt/Soviet Patriotic_Folk Songs - Шеитлернинъ Хатрына.txt;N;Server Kakura;Server Kakura;0.47;LOW;NO;
crh_lt;Soviet Patriotic_Folk Songs - Qızıl asker marşı;CmrPvXpKCp5MADgsfS44i4;Şevket Zmorka-Rock haytarma;scripts/lyrics_crh_lt/Soviet Patriotic_Folk Songs - Qızıl asker marşı.txt;N;Şevket Zmorka;Şevket Zmorka;0.43;LOW;NO;
crh_lt;Evelina (Ukraine) - Sevgi yeli;2H5EaK0r3jgWdfPtl4q5tP;Server Kakura-Sevgilim;scripts/lyrics_crh_lt/Evelina (Ukraine) - Sevgi yeli.txt;N;Server Kakura;Server Kakura;0.6;LOW;NO;
crh_lt;Unknown Artist (Crimean Tatar) - Şeitlerniñ Hatrına;uHp93r0rsWi7Bv0R6pVhmD;FortRoyalBeatz-Crimean Tatar Trap (2013 Mix);scripts/lyrics_crh_lt/Unknown Artist (Crimean Tatar) - Şeitlerniñ Hatrına.txt;N;FortRoyalBeatz (EmCiEl);FortRoyalBeatz (EmCiEl);0.48;LOW;NO;
crh_lt;Anonim qırım - Эки чешме;A3wlh3SWDditpSMFDzmebx;Qırım-Tım-tım (eski);scripts/lyrics_crh_lt/Anonim qırım - Эки чешме.txt;N;Qırım;Qırım;0.57;LOW;NO;
crh_lt;The Lion King (OST) - Yarıqqa qaranlıq [Circle of Life];QAdgKUHomCT46ivbLXe4of;Alim Osmanov (Qara Deñiz)-Nazlı Leylâm (Öt bülbülim);scripts/lyrics_crh_lt/The Lion King (OST) - Yarıqqa qaranlıq [Circle of Life].txt;N;Alim Osmanov (Qara Deñiz);Alim Osmanov (Qara Deñiz);0.46;LOW;NO;
crh_lt;Crimean Tatar Folk - Alemge deñişmem;26LjJOYHiKyQmkF40rMkwD;Nariman Baliç-Qara deñiz;scripts/lyrics_crh_lt/Crimean Tatar Folk - Alemge deñişmem.txt;N;Nariman Baliç;Nariman Baliç;0.49;LOW;NO;
qmusic;038 - Quote;jBZ4wJ6XwoGbDiSQYmnxab;Asan Umerov-Rustem;scripts/lyrics_qmusic/038 - Quote.txt;N;Asan Umerov;Asan Umerov;0.38;LOW;YES;1/4
qmusic;044 - Quote;jBZ4wJ6XwoGbDiSQYmnxab;Asan Umerov-Rustem;scripts/lyrics_qmusic/044 - Quote.txt;N;Asan Umerov;Asan Umerov;0.38;LOW;YES;2/4
qmusic;057 - Quote;jBZ4wJ6XwoGbDiSQYmnxab;Asan Umerov-Rustem;scripts/lyrics_qmusic/057 - Quote.txt;N;Asan Umerov;Asan Umerov;0.38;LOW;YES;3/4
qmusic;059 - Quote;jBZ4wJ6XwoGbDiSQYmnxab;Asan Umerov-Rustem;scripts/lyrics_qmusic/059 - Quote.txt;N;Asan Umerov;Asan Umerov;0.38;LOW;YES;4/4
qmusic;030 - Bayrach;ch9yJIkShIA2DCB0T9AMkH;Bayram-Haytarma;scripts/lyrics_qmusic/030 - Bayrach.txt;N;Bayram;Bayram;0.48;LOW;NO;
qmusic;040 - Cılama, kelin, cılama,;FtlHQR8NpoxOexHGmzinrF;Salaçıq-Ağlama kelin;scripts/lyrics_qmusic/040 - Cılama, kelin, cılama,.txt;N;Salaçıq;Salaçıq;0.57;LOW;NO;
qmusic;035 - O-skin;NlNRZJMQfdGVt7DuIuUaVy;Arsen Osmanov-Kiçkene;scripts/lyrics_qmusic/035 - O-skin.txt;N;Arsen Osmanov;Arsen Osmanov;0.41;LOW;NO;
qmusic;015 - Селям алейкум))))пожалуйста напишите слова из;Y9bA7s85tvp57W6tjGLn2E;Alim Hakimov-Прості слова;scripts/lyrics_qmusic/015 - Селям алейкум))))пожалуйста напишите слова из.txt;N;Alim Hakimov;Alim Hakimov;0.49;LOW;NO;
qmusic;043 - Селям алейкум джемаат. _шеер чокъ;Psh46CTsLplueh3U3La7AN;Qatırşa-Saray-Mına selâm aleyküm (Crimean song);scripts/lyrics_qmusic/043 - Селям алейкум джемаат. _шеер чокъ.txt;N;Qatırşa-Saray;Qatırşa-Saray;0.52;LOW;YES;1/3
qmusic;065 - селям алейкум! срочно нужна минусовка;Psh46CTsLplueh3U3La7AN;Qatırşa-Saray-Mına selâm aleyküm (Crimean song);scripts/lyrics_qmusic/065 - селям алейкум! срочно нужна минусовка.txt;N;Qatırşa-Saray;Qatırşa-Saray;0.48;LOW;YES;2/3
qmusic;037 - Всем селям!!! Люди, у кого;Psh46CTsLplueh3U3La7AN;Qatırşa-Saray-Mına selâm aleyküm (Crimean song);scripts/lyrics_qmusic/037 - Всем селям!!! Люди, у кого.txt;N;Qatırşa-Saray;Qatırşa-Saray;0.45;LOW;YES;3/3
qmusic;028 - RiverRat! чокъ сагъол акъай.;RPf3u5J573DRwGMut1A1SR;Dilâver Osmanov-Salaçıq;scripts/lyrics_qmusic/028 - RiverRat! чокъ сагъол акъай..txt;N;Dilâver Osmanov;Dilâver Osmanov;0.45;LOW;NO;
qmusic;048 - Sana dargın değilim gidişlerin bir anlık öfke;Nm4OqL0umipUBn2gvLoiyO;Reyana Kadırova-Ne işlerin var idi (Live);scripts/lyrics_qmusic/048 - Sana dargın değilim gidişlerin bir anlık öfke.txt;N;Reyana Kadırova;Reyana Kadırova;0.44;LOW;NO;
qmusic;051 - Bu da bir manalı yır (qaraçayca);c2135uqC9s9mC7zXRwxwB3;Dilâver Osmanov-Qınalı parmaqlarıñ;scripts/lyrics_qmusic/051 - Bu da bir manalı yır (qaraçayca).txt;N;Dilâver Osmanov;Dilâver Osmanov;0.45;LOW;NO;
qmusic;005 - Азиз анам, нелер япып;Bs1Fal8EoUKn3DegEjt7NZ;DJ Azzy-Yan-yana (Electro House);scripts/lyrics_qmusic/005 - Азиз анам, нелер япып.txt;N;DJ Azzy;DJ Azzy;0.49;LOW;NO;
qmusic;024 - Сайгъылы Достлар.. Быр де Ногъай Бейитлерин сёзлерини язсаныз... Сагъолунъыз;cIwq1ntM3om8fXJRRDlpuL;Halq Çalğı Aletleriniñ Ansambli-Navrez avası;scripts/lyrics_qmusic/024 - Сайгъылы Достлар.. Быр де Ногъай Бейитлерин сёзлерини язсаныз... Сагъолунъыз.txt;N;Diger;Diger;0.41;LOW;NO;
qmusic;004 - От Барабашки;LTBo5E4rmcq4dpWnnI0hv3;Taraf-Rumba;scripts/lyrics_qmusic/004 - От Барабашки.txt;N;Taraf;Taraf;0.46;LOW;YES;1/2
qmusic;003 - От Барабашки;LTBo5E4rmcq4dpWnnI0hv3;Taraf-Rumba;scripts/lyrics_qmusic/003 - От Барабашки.txt;N;Taraf;Taraf;0.46;LOW;YES;2/2
qmusic;032 - Dünyada her şeşek maalinde açar;Ppc7g01qkQvSM55d3K5WeQ;Nariman Baliç-Nesil haytarması;scripts/lyrics_qmusic/032 - Dünyada her şeşek maalinde açar.txt;N;Nariman Baliç;Nariman Baliç;0.44;LOW;NO;
qmusic;033 - Баллар кене селям алейкум... мына;xdjcPQHqydCAaFdaw0KzHG;Yalçın Faik-Mına selâm aleyküm;scripts/lyrics_qmusic/033 - Баллар кене селям алейкум... мына.txt;N;Yalçın Faik;Yalçın Faik;0.59;LOW;NO;
qmusic;047 - Bağdad kibi şeer yohtur;o7kcquYFNZ3wapQ6kZwoVk;Adam İsmail-Tierro Noura;scripts/lyrics_qmusic/047 - Bağdad kibi şeer yohtur.txt;N;Adam İsmail;Adam İsmail;0.48;LOW;NO;
qmusic;036 - Men pıçağım qayırdım, qorazım soydım, alay;6nt2ZnqFOiIIwprAVb8Csv;Raya Levi (Qırımçaq)-Bir horazım bar edi (halq icrası);scripts/lyrics_qmusic/036 - Men pıçağım qayırdım, qorazım soydım, alay.txt;N;Halq icrası;Halq icrası;0.41;LOW;NO;
qmusic;001 - Здесь будем выкладывать тексты песен.;G9kUVbXYFXabr6ODUVPzWQ;Edem Polâkov-Atım terlendi;scripts/lyrics_qmusic/001 - Здесь будем выкладывать тексты песен..txt;N;Edem Polâkov;Edem Polâkov;0.48;LOW;NO;
qmusic;023 - Mına bunı pek begenem_;qiinPcqwvwSNW5sQ1IYTcK;Dilâra Mahmudova-Men seni begenem;scripts/lyrics_qmusic/023 - Mına bunı pek begenem_.txt;N;Dilâra Mahmudova;Dilâra Mahmudova;0.46;LOW;NO;
qmusic;002 - От Татлы Ногая;gR345TVKHi7roitNvyzVN7;Salaçıq-Плановая;scripts/lyrics_qmusic/002 - От Татлы Ногая.txt;N;Salaçıq;Salaçıq;0.46;LOW;NO;
qmusic;016 - Эдип Асанов;FnP5SVh1MLLwRyjS2qI6J9;Arsen Asanov-Quş;scripts/lyrics_qmusic/016 - Эдип Асанов.txt;N;Arsen Asanov;Arsen Asanov;0.53;LOW;NO;
qmusic;039 - KELİN TÜRKÜSİ;DPx2oBMD6tmz6QCoUYqYTJ;Fevzi Aliyev-Kelin haytarması;scripts/lyrics_qmusic/039 - KELİN TÜRKÜSİ.txt;N;Destan (Fevzi Aliyev);Destan (Fevzi Aliyev);0.44;LOW;NO;
qmusic;006 - Ай нуры пенджеремде, хаялим сени;puXVQymvrrmPfEeCmvyXaP;Zarema Halitova-Sevem seni;scripts/lyrics_qmusic/006 - Ай нуры пенджеремде, хаялим сени.txt;N;Zarema Khalitova;Zarema Khalitova;0.5;LOW;NO;
qmusic;007 - ZAREMA - ''HOP'' SÖYLE;cRkRLPhBOnDcw9ckuBJ26x;Zarema-Atak (DJ Senol remix);scripts/lyrics_qmusic/007 - ZAREMA - ''HOP'' SÖYLE.txt;N;Zarema;Zarema;0.59;LOW;NO;
sattarov;ХАЛИДЕ;D2tdzD1fiyJG4SLAY0Nrty;Hayat-Linda;scripts/lyrics_sattarov/ХАЛИДЕ.txt;N;Hayat;Hayat;0.62;MEDIUM;YES;1/2
sattarov;Шаматалы келин;JLXkEv4VT4edsNYSgvum1J;FaTima-Aydı kel;scripts/lyrics_sattarov/Шаматалы келин.txt;N;FaTima;FaTima;0.64;MEDIUM;YES;1/2
sattarov;Эништем;83DWXfdWNLZjFO81232pdW;Faeton-İsterim;scripts/lyrics_sattarov/Эништем.txt;N;Faeton;Faeton;0.6;MEDIUM;NO;
sattarov;Шалашим;GAd50aJ7vQWIqI94G25tFH;ILACIM;scripts/lyrics_sattarov/Шалашим.txt;N;Nazife Reizova;Nazife Reizova ve Emine Ziadin;0.62;MEDIUM;NO;
sattarov;Шинанай;h41A8a7tzwSz5hYcg6k11K;Destan-Şinanay;scripts/lyrics_sattarov/Шинанай.txt;N;Destan (Fevzi Aliyev);Destan (Fevzi Aliyev);0.6;MEDIUM;NO;
sattarov;Эльмаз;y6HDnMzIAyUAet8ZvaUxUZ;Selâm-Nazlı;scripts/lyrics_sattarov/Эльмаз.txt;N;Selâm;Selâm;0.67;MEDIUM;NO;
sattarov;Xайырсыз;fv7jJf91xYRAjV2LdYGbjY;Seda-Hırsız;scripts/lyrics_sattarov/Xайырсыз.txt;N;Seda;Seda;0.67;MEDIUM;NO;
crh_lt;Jamala - EKİ ÇEŞME;UDQPBbeMvh8u2R3WDV8eVm;Jamala-Верше мій, верше;scripts/lyrics_crh_lt/Jamala - EKİ ÇEŞME.txt;N;Jamala;Jamala;0.75;MEDIUM;NO;
crh_lt;Elnara Küçük - İmkân ber;YhrYXZDFzOn9UHKOQPfVC5;Elnara Küçük-Bu közler;scripts/lyrics_crh_lt/Elnara Küçük - İmkân ber.txt;N;Elnara Küçük;Elnara Küçük;0.62;MEDIUM;YES;2/2
crh_lt;Jamala - NOĞAY BEYİTLERY;97TfULUQlhDHjt1KnDjaFU;Jamala-One More Try;scripts/lyrics_crh_lt/Jamala - NOĞAY BEYİTLERY.txt;N;Jamala;Jamala;0.7;MEDIUM;NO;
crh_lt;Jamala - QARANFİL;U8hT8zJhcddu4wrza0d09E;Anara-Üç qaranfil;scripts/lyrics_crh_lt/Jamala - QARANFİL.txt;N;Anara;Anara;0.77;MEDIUM;NO;
crh_lt;Jamala - Way To Home;mPF01ePQVQDiwVqSPHL10y;Jamala-In My Shoes;scripts/lyrics_crh_lt/Jamala - Way To Home.txt;N;Jamala;Jamala;0.79;MEDIUM;YES;1/2
crh_lt;Jamala - YOSMAM;mPF01ePQVQDiwVqSPHL10y;Jamala-In My Shoes;scripts/lyrics_crh_lt/Jamala - YOSMAM.txt;N;Jamala;Jamala;0.77;MEDIUM;YES;2/2
crh_lt;Elvina Yuldaşeva - Yosmam;aPpCV8IKjtVGrqiKCqExsw;Elvina Yuldaşeva-Vokaliz;scripts/lyrics_crh_lt/Elvina Yuldaşeva - Yosmam.txt;N;Elvina Yuldaşeva;Elvina Yuldaşeva;0.74;MEDIUM;NO;
crh_lt;Fevzi Aliyev - Kırımdaki çadırlar;Fk7YNBi7GmFi016cStgOcy;Fevzi Aliyev-Ay, dağlar;scripts/lyrics_crh_lt/Fevzi Aliyev - Kırımdaki çadırlar.txt;N;Destan (Fevzi Aliyev);Destan (Fevzi Aliyev);0.69;MEDIUM;YES;2/2
crh_lt;Elvira Sarıhalil - On Birinci Ayadañ;2ygJMm2BDTDsOD8UAZulqV;Elvira Sarıhalil-Qayadan endim;scripts/lyrics_crh_lt/Elvira Sarıhalil - On Birinci Ayadañ.txt;N;Elvira Sarıhalil;Elvira Sarıhalil;0.77;MEDIUM;YES;2/2
crh_lt;Jamala - HEM SEVERSİÑ, HEM SEVMEZSİÑ;0kZWWYs36eG1X75LdlLhgD;Jamala-For Every Heart;scripts/lyrics_crh_lt/Jamala - HEM SEVERSİÑ, HEM SEVMEZSİÑ.txt;N;Jamala;Jamala;0.62;MEDIUM;NO;
crh_lt;Jamala - BAHAR KELSE;EFqrDwEvcJi77xOXQi4dtD;Jamala-Alas;scripts/lyrics_crh_lt/Jamala - BAHAR KELSE.txt;N;Jamala;Jamala;0.74;MEDIUM;YES;2/4
crh_lt;Jamala - ÇALBAŞ BORA;EFqrDwEvcJi77xOXQi4dtD;Jamala-Alas;scripts/lyrics_crh_lt/Jamala - ÇALBAŞ BORA.txt;N;Jamala;Jamala;0.74;MEDIUM;YES;3/4
qmusic;063 - JAMALA - GOAL;EFqrDwEvcJi77xOXQi4dtD;Jamala-Alas;scripts/lyrics_qmusic/063 - JAMALA - GOAL.txt;N;Jamala;Jamala;0.74;MEDIUM;YES;4/4
crh_lt;Jamala - DAĞLARNIÑ YOLLARI;Xuftay5Un77Fftns4Upgsu;Jamala & DakhaBrakha-Заманили;scripts/lyrics_crh_lt/Jamala - DAĞLARNIÑ YOLLARI.txt;N;Jamala;Jamala;0.7;MEDIUM;YES;1/2
crh_lt;Jamala - ARAFAT DAĞINDAN;Xuftay5Un77Fftns4Upgsu;Jamala & DakhaBrakha-Заманили;scripts/lyrics_crh_lt/Jamala - ARAFAT DAĞINDAN.txt;N;Jamala;Jamala;0.68;MEDIUM;YES;2/2
crh_lt;Emine Mustafayeva - Малелер(Хайдым дерелерине);3SM2dxjJN82ioufgOdslKK;Emine Mustafayeva-Kelmeseñ de;scripts/lyrics_crh_lt/Emine Mustafayeva - Малелер(Хайдым дерелерине).txt;N;Emine Mustafayeva;Emine Mustafayeva;0.76;MEDIUM;NO;
crh_lt;Anonim qırım - Чалашым;8lUBJzKuEhMEDFwmzn0sNt;Qırım - Mataylar;scripts/lyrics_crh_lt/Anonim qırım - Чалашым.txt;N;Qırım;Qırım;0.63;MEDIUM;NO;
crh_lt;Sevil - Kelecekke İnan;EDqDwO8IQr7wsNx6dqQsvA;Sevil Memetova-Here I am;scripts/lyrics_crh_lt/Sevil - Kelecekke İnan.txt;N;Sevil Memetova;Sevil Memetova;0.6;MEDIUM;NO;
crh_lt;Jamala - Ana Vatan;0mjOlIU5UcUNCJv0h0ZT7K;Jamala-Jamaica;scripts/lyrics_crh_lt/Jamala - Ana Vatan.txt;N;Jamala;Jamala;0.72;MEDIUM;NO;
crh_lt;Zeynep Lumanova - Bahşış yüzük (Altın yüzük);jYUG5t2p5wxFwFTCTnkdvo;Zeynep Lömanova-Altın yüzük;scripts/lyrics_crh_lt/Zeynep Lumanova - Bahşış yüzük (Altın yüzük).txt;N;Zeynep Lömanova;Zeynep Lömanova;0.7;MEDIUM;NO;
crh_lt;Jamala - KENE ALDI ĞAM BENİ;8q2sd93UksONRtcWjqZEQo;Jamala-Обещание (Safinteam Remix);scripts/lyrics_crh_lt/Jamala - KENE ALDI ĞAM BENİ.txt;N;Jamala;Jamala;0.71;MEDIUM;NO;
crh_lt;Faun - UMAY;0jSxFpeS8TSIH4BpbQXDeW;Uçan-Su-Matay;scripts/lyrics_crh_lt/Faun - UMAY.txt;N;Uçan-Su;Uçan-Su;0.6;MEDIUM;NO;
qmusic;011 - Izzet - Fraon;TyJSw4reGSqyi9whwTjybA;İzzet-My Friend;scripts/lyrics_qmusic/011 - Izzet - Fraon.txt;N;İzzet;İzzet;0.72;MEDIUM;NO;
qmusic;019 - Достлар, селям алейкум!;kxzDPBYjbdlNeh2ydBZsiV;Diaspora-Mına selâm aleyküm;scripts/lyrics_qmusic/019 - Достлар, селям алейкум!.txt;N;Diger;Diger;0.65;MEDIUM;NO;
